"Altitude [m]","Temperature [Kelvin]","Pressure [pascal]","Density [kg/m3]","Speed of sound [m/s]","Viscosity [Pa.s]"
0,288.15,101325,1.225,340.294,0.0000181206
50,287.825,100726,1.21913,340.102,0.0000181043
100,287.5,100129,1.21328,339.91,0.0000180881
150,287.175,99536,1.20746,339.718,0.0000180718
200,286.85,98945.3,1.20165,339.526,0.0000180556
250,286.525,98357.5,1.19587,339.333,0.0000180393
300,286.2,97772.6,1.19011,339.141,0.000018023
350,285.875,97190.4,1.18436,338.948,0.0000180068
400,285.55,96611.1,1.17864,338.755,0.0000179905
450,285.225,96034.6,1.17295,338.563,0.0000179742
500,284.9,95460.8,1.16727,338.37,0.0000179579
550,284.575,94889.9,1.16161,338.177,0.0000179415
600,284.25,94321.7,1.15598,337.983,0.0000179252
650,283.925,93756.2,1.15036,337.79,0.0000179089
700,283.6,93193.6,1.14477,337.597,0.0000178925
750,283.275,92633.6,1.1392,337.403,0.0000178762
800,282.95,92076.4,1.13364,337.21,0.0000178598
850,282.625,91521.9,1.12811,337.016,0.0000178434
900,282.3,90970.1,1.1226,336.822,0.0000178271
950,281.975,90421,1.11711,336.628,0.0000178107
1000,281.65,89874.6,1.11164,336.434,0.0000177943
1050,281.325,89330.8,1.10619,336.24,0.0000177779
1100,281,88789.8,1.10077,336.046,0.0000177615
1150,280.675,88251.3,1.09536,335.851,0.000017745
1200,280.35,87715.6,1.08997,335.657,0.0000177286
1250,280.025,87182.5,1.0846,335.462,0.0000177122
1300,279.7,86651.9,1.07925,335.267,0.0000176957
1350,279.375,86124.1,1.07393,335.073,0.0000176793
1400,279.05,85598.8,1.06862,334.878,0.0000176628
1450,278.725,85076.1,1.06333,334.683,0.0000176463
1500,278.4,84556,1.05807,334.487,0.0000176298
1550,278.075,84038.5,1.05282,334.292,0.0000176133
1600,277.75,83523.5,1.04759,334.097,0.0000175968
1650,277.425,83011.1,1.04239,333.901,0.0000175803
1700,277.1,82501.3,1.0372,333.705,0.0000175638
1750,276.775,81994,1.03203,333.51,0.0000175473
1800,276.45,81489.2,1.02688,333.314,0.0000175307
1850,276.125,80987,1.02176,333.118,0.0000175142
1900,275.8,80487.2,1.01665,332.922,0.0000174976
1950,275.475,79990,1.01156,332.726,0.0000174811
2000,275.15,79495.2,1.00649,332.529,0.0000174645
2050,274.825,79002.9,1.00144,332.333,0.0000174479
2100,274.5,78513.1,0.99641,332.136,0.0000174313
2150,274.175,78025.8,0.991399,331.94,0.0000174147
2200,273.85,77540.9,0.986407,331.743,0.0000173981
2250,273.525,77058.5,0.981435,331.546,0.0000173815
2300,273.2,76578.4,0.976481,331.349,0.0000173649
2350,272.875,76100.9,0.971547,331.152,0.0000173482
2400,272.55,75625.7,0.966632,330.954,0.0000173316
2450,272.225,75152.9,0.961736,330.757,0.0000173149
2500,271.9,74682.5,0.956859,330.56,0.0000172983
2550,271.575,74214.5,0.952001,330.362,0.0000172816
2600,271.25,73748.9,0.947162,330.164,0.0000172649
2650,270.925,73285.7,0.942341,329.966,0.0000172482
2700,270.6,72824.8,0.93754,329.768,0.0000172315
2750,270.275,72366.3,0.932757,329.57,0.0000172148
2800,269.95,71910.1,0.927993,329.372,0.0000171981
2850,269.625,71456.2,0.923247,329.174,0.0000171813
2900,269.3,71004.7,0.91852,328.975,0.0000171646
2950,268.975,70555.5,0.913812,328.777,0.0000171479
3000,268.65,70108.5,0.909122,328.578,0.0000171311
3050,268.325,69663.9,0.904451,328.379,0.0000171143
3100,268,69221.6,0.899798,328.18,0.0000170976
3150,267.675,68781.5,0.895163,327.981,0.0000170808
3200,267.35,68343.7,0.890546,327.782,0.000017064
3250,267.025,67908.2,0.885948,327.583,0.0000170472
3300,266.7,67474.9,0.881368,327.383,0.0000170304
3350,266.375,67043.9,0.876806,327.184,0.0000170135
3400,266.05,66615,0.872262,326.984,0.0000169967
3450,265.725,66188.5,0.867737,326.784,0.0000169799
3500,265.4,65764.1,0.863229,326.584,0.000016963
3550,265.075,65341.9,0.858739,326.384,0.0000169462
3600,264.75,64921.9,0.854267,326.184,0.0000169293
3650,264.425,64504.2,0.849813,325.984,0.0000169124
3700,264.1,64088.6,0.845377,325.784,0.0000168955
3750,263.775,63675.1,0.840958,325.583,0.0000168786
3800,263.45,63263.9,0.836557,325.382,0.0000168617
3850,263.125,62854.7,0.832174,325.182,0.0000168448
3900,262.8,62447.8,0.827808,324.981,0.0000168279
3950,262.475,62042.9,0.82346,324.78,0.000016811
4000,262.15,61640.2,0.819129,324.579,0.000016794
4050,261.825,61239.6,0.814816,324.377,0.0000167771
4100,261.5,60841.2,0.81052,324.176,0.0000167601
4150,261.175,60444.8,0.806242,323.975,0.0000167431
4200,260.85,60050.5,0.801981,323.773,0.0000167261
4250,260.525,59658.3,0.797737,323.571,0.0000167092
4300,260.2,59268.2,0.79351,323.369,0.0000166922
4350,259.875,58880.1,0.789301,323.167,0.0000166751
4400,259.55,58494.2,0.785108,322.965,0.0000166581
4450,259.225,58110.2,0.780933,322.763,0.0000166411
4500,258.9,57728.3,0.776775,322.56,0.0000166241
4550,258.575,57348.5,0.772633,322.358,0.000016607
4600,258.25,56970.6,0.768509,322.155,0.00001659
4650,257.925,56594.8,0.764401,321.952,0.0000165729
4700,257.6,56221,0.76031,321.75,0.0000165558
4750,257.275,55849.2,0.756236,321.547,0.0000165387
4800,256.95,55479.4,0.752179,321.343,0.0000165216
4850,256.625,55111.6,0.748138,321.14,0.0000165045
4900,256.3,54745.7,0.744114,320.937,0.0000164874
4950,255.975,54381.8,0.740107,320.733,0.0000164703
5000,255.65,54019.9,0.736116,320.529,0.0000164531
5050,255.325,53659.9,0.732141,320.326,0.000016436
5100,255,53301.9,0.728183,320.122,0.0000164188
5150,254.675,52945.8,0.724242,319.918,0.0000164017
5200,254.35,52591.7,0.720317,319.713,0.0000163845
5250,254.025,52239.4,0.716408,319.509,0.0000163673
5300,253.7,51889.1,0.712515,319.305,0.0000163501
5350,253.375,51540.7,0.708638,319.1,0.0000163329
5400,253.05,51194.2,0.704778,318.895,0.0000163157
5450,252.725,50849.6,0.700934,318.691,0.0000162985
5500,252.4,50506.8,0.697106,318.486,0.0000162813
5550,252.075,50165.9,0.693294,318.28,0.000016264
5600,251.75,49826.9,0.689497,318.075,0.0000162468
5650,251.425,49489.8,0.685717,317.87,0.0000162295
5700,251.1,49154.5,0.681953,317.664,0.0000162122
5750,250.775,48821,0.678204,317.459,0.0000161949
5800,250.45,48489.4,0.674471,317.253,0.0000161777
5850,250.125,48159.6,0.670754,317.047,0.0000161604
5900,249.8,47831.6,0.667053,316.841,0.000016143
5950,249.475,47505.4,0.663367,316.635,0.0000161257
6000,249.15,47181,0.659697,316.428,0.0000161084
6050,248.825,46858.5,0.656043,316.222,0.000016091
6100,248.5,46537.7,0.652404,316.015,0.0000160737
6150,248.175,46218.7,0.64878,315.809,0.0000160563
6200,247.85,45901.4,0.645172,315.602,0.000016039
6250,247.525,45586,0.641579,315.395,0.0000160216
6300,247.2,45272.3,0.638002,315.188,0.0000160042
6350,246.875,44960.3,0.634439,314.98,0.0000159868
6400,246.55,44650.1,0.630892,314.773,0.0000159694
6450,246.225,44341.6,0.627361,314.566,0.000015952
6500,245.9,44034.8,0.623844,314.358,0.0000159345
6550,245.575,43729.8,0.620343,314.15,0.0000159171
6600,245.25,43426.5,0.616856,313.942,0.0000158996
6650,244.925,43124.9,0.613385,313.734,0.0000158822
6700,244.6,42825,0.609928,313.526,0.0000158647
6750,244.275,42526.7,0.606487,313.317,0.0000158472
6800,243.95,42230.2,0.60306,313.109,0.0000158297
6850,243.625,41935.3,0.599648,312.9,0.0000158122
6900,243.3,41642.2,0.596251,312.692,0.0000157947
6950,242.975,41350.6,0.592869,312.483,0.0000157772
7000,242.65,41060.7,0.589501,312.274,0.0000157596
7050,242.325,40772.5,0.586148,312.064,0.0000157421
7100,242,40485.9,0.58281,311.855,0.0000157245
7150,241.675,40201,0.579486,311.646,0.000015707
7200,241.35,39917.6,0.576177,311.436,0.0000156894
7250,241.025,39635.9,0.572882,311.226,0.0000156718
7300,240.7,39355.8,0.569602,311.016,0.0000156542
7350,240.375,39077.3,0.566336,310.806,0.0000156366
7400,240.05,38800.4,0.563084,310.596,0.000015619
7450,239.725,38525.1,0.559847,310.386,0.0000156014
7500,239.4,38251.4,0.556624,310.175,0.0000155837
7550,239.075,37979.3,0.553415,309.965,0.0000155661
7600,238.75,37708.7,0.55022,309.754,0.0000155484
7650,238.425,37439.7,0.547039,309.543,0.0000155308
7700,238.1,37172.2,0.543873,309.332,0.0000155131
7750,237.775,36906.3,0.540721,309.121,0.0000154954
7800,237.45,36642,0.537582,308.909,0.0000154777
7850,237.125,36379.1,0.534458,308.698,0.00001546
7900,236.8,36117.8,0.531347,308.486,0.0000154423
7950,236.475,35858.1,0.52825,308.275,0.0000154245
8000,236.15,35599.8,0.525168,308.063,0.0000154068
8050,235.825,35343.1,0.522098,307.851,0.0000153891
8100,235.5,35087.8,0.519043,307.638,0.0000153713
8150,235.175,34834,0.516001,307.426,0.0000153535
8200,234.85,34581.8,0.512973,307.214,0.0000153357
8250,234.525,34331,0.509959,307.001,0.0000153179
8300,234.2,34081.7,0.506958,306.788,0.0000153001
8350,233.875,33833.8,0.503971,306.575,0.0000152823
8400,233.55,33587.5,0.500997,306.362,0.0000152645
8450,233.225,33342.5,0.498037,306.149,0.0000152467
8500,232.9,33099,0.49509,305.935,0.0000152288
8550,232.575,32857,0.492156,305.722,0.000015211
8600,232.25,32616.4,0.489236,305.508,0.0000151931
8650,231.925,32377.2,0.486329,305.294,0.0000151752
8700,231.6,32139.5,0.483435,305.08,0.0000151573
8750,231.275,31903.1,0.480555,304.866,0.0000151394
8800,230.95,31668.2,0.477687,304.652,0.0000151215
8850,230.625,31434.7,0.474833,304.438,0.0000151036
8900,230.3,31202.6,0.471992,304.223,0.0000150857
8950,229.975,30971.8,0.469163,304.008,0.0000150677
9000,229.65,30742.5,0.466348,303.793,0.0000150498
9050,229.325,30514.5,0.463546,303.578,0.0000150318
9100,229,30287.9,0.460756,303.363,0.0000150138
9150,228.675,30062.6,0.45798,303.148,0.0000149958
9200,228.35,29838.7,0.455216,302.932,0.0000149778
9250,228.025,29616.2,0.452465,302.717,0.0000149598
9300,227.7,29395,0.449727,302.501,0.0000149418
9350,227.375,29175.2,0.447001,302.285,0.0000149238
9400,227.05,28956.7,0.444289,302.069,0.0000149058
9450,226.725,28739.5,0.441588,301.852,0.0000148877
9500,226.4,28523.6,0.438901,301.636,0.0000148696
9550,226.075,28309.1,0.436226,301.419,0.0000148516
9600,225.75,28095.8,0.433563,301.203,0.0000148335
9650,225.425,27883.9,0.430913,300.986,0.0000148154
9700,225.1,27673.2,0.428275,300.769,0.0000147973
9750,224.775,27463.9,0.425649,300.552,0.0000147792
9800,224.45,27255.8,0.423036,300.334,0.000014761
9850,224.125,27049,0.420436,300.117,0.0000147429
9900,223.8,26843.5,0.417847,299.899,0.0000147247
9950,223.475,26639.3,0.415271,299.681,0.0000147066
10000,223.15,26436.3,0.412707,299.463,0.0000146884
10050,222.825,26234.5,0.410155,299.245,0.0000146702
10100,222.5,26034,0.407615,299.027,0.000014652
10150,222.175,25834.8,0.405087,298.808,0.0000146338
10200,221.85,25636.8,0.402571,298.59,0.0000146156
10250,221.525,25440,0.400067,298.371,0.0000145974
10300,221.2,25244.5,0.397575,298.152,0.0000145792
10350,220.875,25050.1,0.395095,297.933,0.0000145609
10400,220.55,24857,0.392627,297.714,0.0000145426
10450,220.225,24665.1,0.39017,297.494,0.0000145244
10500,219.9,24474.4,0.387725,297.275,0.0000145061
10550,219.575,24284.9,0.385293,297.055,0.0000144878
10600,219.25,24096.5,0.382871,296.835,0.0000144695
10650,218.925,23909.4,0.380462,296.615,0.0000144512
10700,218.6,23723.4,0.378064,296.395,0.0000144328
10750,218.275,23538.6,0.375677,296.174,0.0000144145
10800,217.95,23355,0.373303,295.954,0.0000143962
10850,217.625,23172.5,0.370939,295.733,0.0000143778
10900,217.3,22991.2,0.368588,295.512,0.0000143594
10950,216.975,22811.1,0.366247,295.291,0.000014341
11000,216.65,22632.1,0.363918,295.07,0.0000143226
11050,216.65,22454.3,0.36106,295.07,0.0000143226
11100,216.65,22278,0.358224,295.07,0.0000143226
11150,216.65,22103,0.355411,295.07,0.0000143226
11200,216.65,21929.4,0.35262,295.07,0.0000143226
11250,216.65,21757.2,0.349851,295.07,0.0000143226
11300,216.65,21586.3,0.347103,295.07,0.0000143226
11350,216.65,21416.8,0.344377,295.07,0.0000143226
11400,216.65,21248.6,0.341673,295.07,0.0000143226
11450,216.65,21081.8,0.338989,295.07,0.0000143226
11500,216.65,20916.2,0.336327,295.07,0.0000143226
11550,216.65,20751.9,0.333686,295.07,0.0000143226
11600,216.65,20589,0.331065,295.07,0.0000143226
11650,216.65,20427.3,0.328465,295.07,0.0000143226
11700,216.65,20266.8,0.325886,295.07,0.0000143226
11750,216.65,20107.7,0.323326,295.07,0.0000143226
11800,216.65,19949.8,0.320787,295.07,0.0000143226
11850,216.65,19793.1,0.318268,295.07,0.0000143226
11900,216.65,19637.6,0.315768,295.07,0.0000143226
11950,216.65,19483.4,0.313289,295.07,0.0000143226
12000,216.65,19330.4,0.310828,295.07,0.0000143226
12050,216.65,19178.6,0.308387,295.07,0.0000143226
12100,216.65,19028,0.305965,295.07,0.0000143226
12150,216.65,18878.5,0.303562,295.07,0.0000143226
12200,216.65,18730.3,0.301178,295.07,0.0000143226
12250,216.65,18583.2,0.298813,295.07,0.0000143226
12300,216.65,18437.2,0.296466,295.07,0.0000143226
12350,216.65,18292.4,0.294138,295.07,0.0000143226
12400,216.65,18148.8,0.291828,295.07,0.0000143226
12450,216.65,18006.3,0.289536,295.07,0.0000143226
12500,216.65,17864.8,0.287262,295.07,0.0000143226
12550,216.65,17724.5,0.285006,295.07,0.0000143226
12600,216.65,17585.4,0.282768,295.07,0.0000143226
12650,216.65,17447.2,0.280547,295.07,0.0000143226
12700,216.65,17310.2,0.278344,295.07,0.0000143226
12750,216.65,17174.3,0.276158,295.07,0.0000143226
12800,216.65,17039.4,0.273989,295.07,0.0000143226
12850,216.65,16905.6,0.271838,295.07,0.0000143226
12900,216.65,16772.8,0.269703,295.07,0.0000143226
12950,216.65,16641.1,0.267585,295.07,0.0000143226
13000,216.65,16510.4,0.265483,295.07,0.0000143226
13050,216.65,16380.7,0.263398,295.07,0.0000143226
13100,216.65,16252.1,0.26133,295.07,0.0000143226
13150,216.65,16124.5,0.259277,295.07,0.0000143226
13200,216.65,15997.8,0.257241,295.07,0.0000143226
13250,216.65,15872.2,0.255221,295.07,0.0000143226
13300,216.65,15747.5,0.253217,295.07,0.0000143226
13350,216.65,15623.9,0.251228,295.07,0.0000143226
13400,216.65,15501.2,0.249255,295.07,0.0000143226
13450,216.65,15379.4,0.247297,295.07,0.0000143226
13500,216.65,15258.7,0.245355,295.07,0.0000143226
13550,216.65,15138.8,0.243428,295.07,0.0000143226
13600,216.65,15019.9,0.241517,295.07,0.0000143226
13650,216.65,14902,0.23962,295.07,0.0000143226
13700,216.65,14784.9,0.237738,295.07,0.0000143226
13750,216.65,14668.8,0.235871,295.07,0.0000143226
13800,216.65,14553.6,0.234019,295.07,0.0000143226
13850,216.65,14439.3,0.232181,295.07,0.0000143226
13900,216.65,14325.9,0.230357,295.07,0.0000143226
13950,216.65,14213.4,0.228548,295.07,0.0000143226
14000,216.65,14101.8,0.226753,295.07,0.0000143226
14050,216.65,13991.1,0.224973,295.07,0.0000143226
14100,216.65,13881.2,0.223206,295.07,0.0000143226
14150,216.65,13772.2,0.221453,295.07,0.0000143226
14200,216.65,13664,0.219714,295.07,0.0000143226
14250,216.65,13556.7,0.217988,295.07,0.0000143226
14300,216.65,13450.2,0.216276,295.07,0.0000143226
14350,216.65,13344.6,0.214578,295.07,0.0000143226
14400,216.65,13239.8,0.212893,295.07,0.0000143226
14450,216.65,13135.8,0.211221,295.07,0.0000143226
14500,216.65,13032.7,0.209562,295.07,0.0000143226
14550,216.65,12930.3,0.207916,295.07,0.0000143226
14600,216.65,12828.8,0.206283,295.07,0.0000143226
14650,216.65,12728,0.204663,295.07,0.0000143226
14700,216.65,12628.1,0.203056,295.07,0.0000143226
14750,216.65,12528.9,0.201461,295.07,0.0000143226
14800,216.65,12430.5,0.199879,295.07,0.0000143226
14850,216.65,12332.9,0.198309,295.07,0.0000143226
14900,216.65,12236,0.196752,295.07,0.0000143226
14950,216.65,12139.9,0.195207,295.07,0.0000143226
15000,216.65,12044.6,0.193674,295.07,0.0000143226
15050,216.65,11950,0.192153,295.07,0.0000143226
15100,216.65,11856.1,0.190644,295.07,0.0000143226
15150,216.65,11763,0.189146,295.07,0.0000143226
15200,216.65,11670.6,0.187661,295.07,0.0000143226
15250,216.65,11579,0.186187,295.07,0.0000143226
15300,216.65,11488.1,0.184725,295.07,0.0000143226
15350,216.65,11397.8,0.183274,295.07,0.0000143226
15400,216.65,11308.3,0.181835,295.07,0.0000143226
15450,216.65,11219.5,0.180407,295.07,0.0000143226
15500,216.65,11131.4,0.17899,295.07,0.0000143226
15550,216.65,11044,0.177584,295.07,0.0000143226
15600,216.65,10957.2,0.17619,295.07,0.0000143226
15650,216.65,10871.2,0.174806,295.07,0.0000143226
15700,216.65,10785.8,0.173433,295.07,0.0000143226
15750,216.65,10701.1,0.172071,295.07,0.0000143226
15800,216.65,10617.1,0.17072,295.07,0.0000143226
15850,216.65,10533.7,0.169379,295.07,0.0000143226
15900,216.65,10451,0.168049,295.07,0.0000143226
15950,216.65,10368.9,0.166729,295.07,0.0000143226
16000,216.65,10287.5,0.16542,295.07,0.0000143226
16050,216.65,10206.7,0.164121,295.07,0.0000143226
16100,216.65,10126.5,0.162832,295.07,0.0000143226
16150,216.65,10047,0.161553,295.07,0.0000143226
16200,216.65,9968.08,0.160284,295.07,0.0000143226
16250,216.65,9889.8,0.159025,295.07,0.0000143226
16300,216.65,9812.13,0.157777,295.07,0.0000143226
16350,216.65,9735.07,0.156538,295.07,0.0000143226
16400,216.65,9658.61,0.155308,295.07,0.0000143226
16450,216.65,9582.76,0.154088,295.07,0.0000143226
16500,216.65,9507.5,0.152878,295.07,0.0000143226
16550,216.65,9432.84,0.151678,295.07,0.0000143226
16600,216.65,9358.76,0.150487,295.07,0.0000143226
16650,216.65,9285.26,0.149305,295.07,0.0000143226
16700,216.65,9212.34,0.148132,295.07,0.0000143226
16750,216.65,9139.99,0.146969,295.07,0.0000143226
16800,216.65,9068.21,0.145815,295.07,0.0000143226
16850,216.65,8996.99,0.144669,295.07,0.0000143226
16900,216.65,8926.34,0.143533,295.07,0.0000143226
16950,216.65,8856.23,0.142406,295.07,0.0000143226
17000,216.65,8786.68,0.141288,295.07,0.0000143226
17050,216.65,8717.68,0.140178,295.07,0.0000143226
17100,216.65,8649.21,0.139077,295.07,0.0000143226
17150,216.65,8581.29,0.137985,295.07,0.0000143226
17200,216.65,8513.89,0.136901,295.07,0.0000143226
17250,216.65,8447.03,0.135826,295.07,0.0000143226
17300,216.65,8380.69,0.134759,295.07,0.0000143226
17350,216.65,8314.88,0.133701,295.07,0.0000143226
17400,216.65,8249.58,0.132651,295.07,0.0000143226
17450,216.65,8184.79,0.131609,295.07,0.0000143226
17500,216.65,8120.51,0.130576,295.07,0.0000143226
17550,216.65,8056.74,0.12955,295.07,0.0000143226
17600,216.65,7993.46,0.128533,295.07,0.0000143226
17650,216.65,7930.69,0.127524,295.07,0.0000143226
17700,216.65,7868.4,0.126522,295.07,0.0000143226
17750,216.65,7806.61,0.125528,295.07,0.0000143226
17800,216.65,7745.3,0.124543,295.07,0.0000143226
17850,216.65,7684.47,0.123564,295.07,0.0000143226
17900,216.65,7624.13,0.122594,295.07,0.0000143226
17950,216.65,7564.25,0.121631,295.07,0.0000143226
18000,216.65,7504.84,0.120676,295.07,0.0000143226
18050,216.65,7445.91,0.119728,295.07,0.0000143226
18100,216.65,7387.43,0.118788,295.07,0.0000143226
18150,216.65,7329.41,0.117855,295.07,0.0000143226
18200,216.65,7271.85,0.11693,295.07,0.0000143226
18250,216.65,7214.74,0.116011,295.07,0.0000143226
18300,216.65,7158.08,0.1151,295.07,0.0000143226
18350,216.65,7101.87,0.114196,295.07,0.0000143226
18400,216.65,7046.09,0.113299,295.07,0.0000143226
18450,216.65,6990.76,0.11241,295.07,0.0000143226
18500,216.65,6935.86,0.111527,295.07,0.0000143226
18550,216.65,6881.39,0.110651,295.07,0.0000143226
18600,216.65,6827.34,0.109782,295.07,0.0000143226
18650,216.65,6773.73,0.10892,295.07,0.0000143226
18700,216.65,6720.53,0.108064,295.07,0.0000143226
18750,216.65,6667.75,0.107216,295.07,0.0000143226
18800,216.65,6615.39,0.106374,295.07,0.0000143226
18850,216.65,6563.43,0.105538,295.07,0.0000143226
18900,216.65,6511.89,0.10471,295.07,0.0000143226
18950,216.65,6460.75,0.103887,295.07,0.0000143226
19000,216.65,6410.01,0.103071,295.07,0.0000143226
19050,216.65,6359.67,0.102262,295.07,0.0000143226
19100,216.65,6309.72,0.101459,295.07,0.0000143226
19150,216.65,6260.17,0.100662,295.07,0.0000143226
19200,216.65,6211,0.0998714,295.07,0.0000143226
19250,216.65,6162.23,0.0990871,295.07,0.0000143226
19300,216.65,6113.83,0.0983089,295.07,0.0000143226
19350,216.65,6065.82,0.0975369,295.07,0.0000143226
19400,216.65,6018.18,0.0967709,295.07,0.0000143226
19450,216.65,5970.92,0.0960109,295.07,0.0000143226
19500,216.65,5924.03,0.0952569,295.07,0.0000143226
19550,216.65,5877.5,0.0945088,295.07,0.0000143226
19600,216.65,5831.34,0.0937666,295.07,0.0000143226
19650,216.65,5785.55,0.0930302,295.07,0.0000143226
19700,216.65,5740.11,0.0922996,295.07,0.0000143226
19750,216.65,5695.03,0.0915747,295.07,0.0000143226
19800,216.65,5650.31,0.0908555,295.07,0.0000143226
19850,216.65,5605.93,0.090142,295.07,0.0000143226
19900,216.65,5561.91,0.0894341,295.07,0.0000143226
19950,216.65,5518.23,0.0887317,295.07,0.0000143226
20000,216.65,5474.89,0.0880349,295.07,0.0000143226
20050,216.7,5431.9,0.0873234,295.104,0.0000143255
20100,216.75,5389.25,0.0866179,295.138,0.0000143283
20150,216.8,5346.95,0.0859182,295.172,0.0000143311
20200,216.85,5304.99,0.0852243,295.206,0.000014334
20250,216.9,5263.38,0.0845362,295.24,0.0000143368
20300,216.95,5222.09,0.0838538,295.274,0.0000143396
20350,217,5181.14,0.0831771,295.308,0.0000143425
20400,217.05,5140.52,0.082506,295.342,0.0000143453
20450,217.1,5100.23,0.0818405,295.376,0.0000143481
20500,217.15,5060.26,0.0811804,295.41,0.0000143509
20550,217.2,5020.62,0.0805259,295.444,0.0000143538
20600,217.25,4981.29,0.0798768,295.478,0.0000143566
20650,217.3,4942.29,0.079233,295.512,0.0000143594
20700,217.35,4903.59,0.0785946,295.546,0.0000143622
20750,217.4,4865.21,0.0779615,295.58,0.0000143651
20800,217.45,4827.14,0.0773336,295.614,0.0000143679
20850,217.5,4789.37,0.0767109,295.648,0.0000143707
20900,217.55,4751.91,0.0760934,295.682,0.0000143736
20950,217.6,4714.75,0.075481,295.716,0.0000143764
21000,217.65,4677.89,0.0748737,295.75,0.0000143792
21050,217.7,4641.32,0.0742713,295.784,0.000014382
21100,217.75,4605.05,0.073674,295.818,0.0000143849
21150,217.8,4569.07,0.0730816,295.852,0.0000143877
21200,217.85,4533.38,0.0724941,295.886,0.0000143905
21250,217.9,4497.98,0.0719115,295.92,0.0000143933
21300,217.95,4462.86,0.0713336,295.954,0.0000143962
21350,218,4428.02,0.0707606,295.987,0.000014399
21400,218.05,4393.47,0.0701923,296.021,0.0000144018
21450,218.1,4359.19,0.0696286,296.055,0.0000144046
21500,218.15,4325.18,0.0690697,296.089,0.0000144074
21550,218.2,4291.45,0.0685153,296.123,0.0000144103
21600,218.25,4257.99,0.0679655,296.157,0.0000144131
21650,218.3,4224.8,0.0674203,296.191,0.0000144159
21700,218.35,4191.87,0.0668795,296.225,0.0000144187
21750,218.4,4159.21,0.0663432,296.259,0.0000144216
21800,218.45,4126.81,0.0658114,296.293,0.0000144244
21850,218.5,4094.67,0.0652839,296.327,0.0000144272
21900,218.55,4062.79,0.0647607,296.361,0.00001443
21950,218.6,4031.16,0.0642419,296.395,0.0000144328
22000,218.65,3999.79,0.0637273,296.428,0.0000144357
22050,218.7,3968.67,0.063217,296.462,0.0000144385
22100,218.75,3937.79,0.0627109,296.496,0.0000144413
22150,218.8,3907.17,0.062209,296.53,0.0000144441
22200,218.85,3876.79,0.0617111,296.564,0.0000144469
22250,218.9,3846.65,0.0612174,296.598,0.0000144498
22300,218.95,3816.75,0.0607278,296.632,0.0000144526
22350,219,3787.1,0.0602421,296.666,0.0000144554
22400,219.05,3757.68,0.0597605,296.699,0.0000144582
22450,219.1,3728.49,0.0592828,296.733,0.000014461
22500,219.15,3699.54,0.0588091,296.767,0.0000144639
22550,219.2,3670.82,0.0583392,296.801,0.0000144667
22600,219.25,3642.33,0.0578732,296.835,0.0000144695
22650,219.3,3614.06,0.057411,296.869,0.0000144723
22700,219.35,3586.03,0.0569526,296.903,0.0000144751
22750,219.4,3558.21,0.056498,296.936,0.0000144779
22800,219.45,3530.62,0.0560471,296.97,0.0000144808
22850,219.5,3503.25,0.0555999,297.004,0.0000144836
22900,219.55,3476.09,0.0551564,297.038,0.0000144864
22950,219.6,3449.16,0.0547165,297.072,0.0000144892
23000,219.65,3422.43,0.0542803,297.105,0.000014492
23050,219.7,3395.93,0.0538476,297.139,0.0000144948
23100,219.75,3369.63,0.0534184,297.173,0.0000144976
23150,219.8,3343.54,0.0529928,297.207,0.0000145005
23200,219.85,3317.66,0.0525706,297.241,0.0000145033
23250,219.9,3291.98,0.052152,297.275,0.0000145061
23300,219.95,3266.51,0.0517367,297.308,0.0000145089
23350,220,3241.25,0.0513248,297.342,0.0000145117
23400,220.05,3216.18,0.0509164,297.376,0.0000145145
23450,220.1,3191.32,0.0505112,297.41,0.0000145173
23500,220.15,3166.65,0.0501094,297.443,0.0000145202
23550,220.2,3142.17,0.0497108,297.477,0.000014523
23600,220.25,3117.9,0.0493155,297.511,0.0000145258
23650,220.3,3093.81,0.0489235,297.545,0.0000145286
23700,220.35,3069.92,0.0485346,297.579,0.0000145314
23750,220.4,3046.21,0.048149,297.612,0.0000145342
23800,220.45,3022.7,0.0477665,297.646,0.000014537
23850,220.5,2999.37,0.0473871,297.68,0.0000145398
23900,220.55,2976.23,0.0470108,297.714,0.0000145426
23950,220.6,2953.27,0.0466375,297.747,0.0000145455
24000,220.65,2930.49,0.0462674,297.781,0.0000145483
24050,220.7,2907.9,0.0459002,297.815,0.0000145511
24100,220.75,2885.48,0.045536,297.849,0.0000145539
24150,220.8,2863.24,0.0451749,297.882,0.0000145567
24200,220.85,2841.18,0.0448166,297.916,0.0000145595
24250,220.9,2819.29,0.0444613,297.95,0.0000145623
24300,220.95,2797.58,0.0441089,297.983,0.0000145651
24350,221,2776.03,0.0437593,298.017,0.0000145679
24400,221.05,2754.66,0.0434126,298.051,0.0000145707
24450,221.1,2733.46,0.0430687,298.085,0.0000145735
24500,221.15,2712.42,0.0427276,298.118,0.0000145763
24550,221.2,2691.56,0.0423893,298.152,0.0000145792
24600,221.25,2670.85,0.0420538,298.186,0.000014582
24650,221.3,2650.32,0.041721,298.219,0.0000145848
24700,221.35,2629.94,0.0413909,298.253,0.0000145876
24750,221.4,2609.73,0.0410634,298.287,0.0000145904
24800,221.45,2589.67,0.0407387,298.32,0.0000145932
24850,221.5,2569.77,0.0404166,298.354,0.000014596
24900,221.55,2550.03,0.0400971,298.388,0.0000145988
24950,221.6,2530.45,0.0397801,298.421,0.0000146016
25000,221.65,2511.02,0.0394658,298.455,0.0000146044
25050,221.7,2491.75,0.039154,298.489,0.0000146072
25100,221.75,2472.63,0.0388448,298.522,0.00001461
25150,221.8,2453.65,0.0385381,298.556,0.0000146128
25200,221.85,2434.83,0.0382338,298.59,0.0000146156
25250,221.9,2416.16,0.0379321,298.623,0.0000146184
25300,221.95,2397.63,0.0376327,298.657,0.0000146212
25350,222,2379.25,0.0373358,298.691,0.000014624
25400,222.05,2361.02,0.0370414,298.724,0.0000146268
25450,222.1,2342.93,0.0367493,298.758,0.0000146296
25500,222.15,2324.98,0.0364595,298.791,0.0000146324
25550,222.2,2307.17,0.0361721,298.825,0.0000146352
25600,222.25,2289.51,0.0358871,298.859,0.000014638
25650,222.3,2271.98,0.0356044,298.892,0.0000146408
25700,222.35,2254.59,0.0353239,298.926,0.0000146436
25750,222.4,2237.34,0.0350457,298.96,0.0000146464
25800,222.45,2220.22,0.0347698,298.993,0.0000146492
25850,222.5,2203.24,0.0344961,299.027,0.000014652
25900,222.55,2186.39,0.0342246,299.06,0.0000146548
25950,222.6,2169.68,0.0339553,299.094,0.0000146576
26000,222.65,2153.09,0.0336882,299.128,0.0000146604
26050,222.7,2136.64,0.0334233,299.161,0.0000146632
26100,222.75,2120.32,0.0331605,299.195,0.000014666
26150,222.8,2104.12,0.0328998,299.228,0.0000146688
26200,222.85,2088.05,0.0326413,299.262,0.0000146716
26250,222.9,2072.11,0.0323848,299.295,0.0000146744
26300,222.95,2056.29,0.0321304,299.329,0.0000146772
26350,223,2040.6,0.031878,299.363,0.00001468
26400,223.05,2025.03,0.0316277,299.396,0.0000146828
26450,223.1,2009.58,0.0313794,299.43,0.0000146856
26500,223.15,1994.26,0.0311331,299.463,0.0000146884
26550,223.2,1979.05,0.0308888,299.497,0.0000146912
26600,223.25,1963.97,0.0306465,299.53,0.000014694
26650,223.3,1949,0.0304061,299.564,0.0000146968
26700,223.35,1934.15,0.0301677,299.597,0.0000146996
26750,223.4,1919.41,0.0299312,299.631,0.0000147024
26800,223.45,1904.8,0.0296966,299.664,0.0000147052
26850,223.5,1890.29,0.0294638,299.698,0.000014708
26900,223.55,1875.9,0.029233,299.732,0.0000147108
26950,223.6,1861.62,0.029004,299.765,0.0000147136
27000,223.65,1847.46,0.0287769,299.799,0.0000147164
27050,223.7,1833.4,0.0285516,299.832,0.0000147192
27100,223.75,1819.46,0.0283281,299.866,0.000014722
27150,223.8,1805.62,0.0281064,299.899,0.0000147247
27200,223.85,1791.89,0.0278865,299.933,0.0000147275
27250,223.9,1778.27,0.0276683,299.966,0.0000147303
27300,223.95,1764.76,0.0274519,300,0.0000147331
27350,224,1751.35,0.0272373,300.033,0.0000147359
27400,224.05,1738.05,0.0270244,300.067,0.0000147387
27450,224.1,1724.85,0.0268131,300.1,0.0000147415
27500,224.15,1711.75,0.0266036,300.133,0.0000147443
27550,224.2,1698.76,0.0263958,300.167,0.0000147471
27600,224.25,1685.87,0.0261896,300.2,0.0000147499
27650,224.3,1673.08,0.0259851,300.234,0.0000147527
27700,224.35,1660.39,0.0257823,300.267,0.0000147555
27750,224.4,1647.79,0.025581,300.301,0.0000147582
27800,224.45,1635.3,0.0253814,300.334,0.000014761
27850,224.5,1622.9,0.0251834,300.368,0.0000147638
27900,224.55,1610.6,0.024987,300.401,0.0000147666
27950,224.6,1598.4,0.0247921,300.435,0.0000147694
28000,224.65,1586.29,0.0245988,300.468,0.0000147722
28050,224.7,1574.28,0.0244071,300.501,0.000014775
28100,224.75,1562.35,0.0242169,300.535,0.0000147778
28150,224.8,1550.53,0.0240282,300.568,0.0000147806
28200,224.85,1538.79,0.023841,300.602,0.0000147833
28250,224.9,1527.15,0.0236553,300.635,0.0000147861
28300,224.95,1515.59,0.0234712,300.669,0.0000147889
28350,225,1504.13,0.0232884,300.702,0.0000147917
28400,225.05,1492.75,0.0231072,300.735,0.0000147945
28450,225.1,1481.47,0.0229274,300.769,0.0000147973
28500,225.15,1470.27,0.022749,300.802,0.0000148001
28550,225.2,1459.16,0.0225721,300.836,0.0000148029
28600,225.25,1448.13,0.0223966,300.869,0.0000148056
28650,225.3,1437.19,0.0222225,300.902,0.0000148084
28700,225.35,1426.34,0.0220498,300.936,0.0000148112
28750,225.4,1415.57,0.0218784,300.969,0.000014814
28800,225.45,1404.89,0.0217084,301.003,0.0000148168
28850,225.5,1394.28,0.0215398,301.036,0.0000148196
28900,225.55,1383.76,0.0213726,301.069,0.0000148223
28950,225.6,1373.32,0.0212066,301.103,0.0000148251
29000,225.65,1362.96,0.021042,301.136,0.0000148279
29050,225.7,1352.69,0.0208787,301.169,0.0000148307
29100,225.75,1342.49,0.0207167,301.203,0.0000148335
29150,225.8,1332.37,0.020556,301.236,0.0000148363
29200,225.85,1322.33,0.0203966,301.269,0.000014839
29250,225.9,1312.37,0.0202385,301.303,0.0000148418
29300,225.95,1302.48,0.0200816,301.336,0.0000148446
29350,226,1292.68,0.0199259,301.369,0.0000148474
29400,226.05,1282.94,0.0197716,301.403,0.0000148502
29450,226.1,1273.29,0.0196184,301.436,0.000014853
29500,226.15,1263.7,0.0194664,301.469,0.0000148557
29550,226.2,1254.2,0.0193157,301.503,0.0000148585
29600,226.25,1244.76,0.0191662,301.536,0.0000148613
29650,226.3,1235.4,0.0190178,301.569,0.0000148641
29700,226.35,1226.11,0.0188707,301.603,0.0000148669
29750,226.4,1216.89,0.0187247,301.636,0.0000148696
29800,226.45,1207.75,0.0185798,301.669,0.0000148724
29850,226.5,1198.67,0.0184362,301.703,0.0000148752
29900,226.55,1189.67,0.0182936,301.736,0.000014878
29950,226.6,1180.73,0.0181522,301.769,0.0000148808
30000,226.65,1171.87,0.0180119,301.803,0.0000148835
30050,226.7,1163.07,0.0178728,301.836,0.0000148863
30100,226.75,1154.34,0.0177347,301.869,0.0000148891
30150,226.8,1145.68,0.0175978,301.902,0.0000148919
30200,226.85,1137.08,0.0174619,301.936,0.0000148946
30250,226.9,1128.55,0.0173271,301.969,0.0000148974
30300,226.95,1120.09,0.0171934,302.002,0.0000149002
30350,227,1111.69,0.0170607,302.036,0.000014903
30400,227.05,1103.36,0.0169291,302.069,0.0000149058
30450,227.1,1095.09,0.0167985,302.102,0.0000149085
30500,227.15,1086.88,0.016669,302.135,0.0000149113
30550,227.2,1078.74,0.0165405,302.169,0.0000149141
30600,227.25,1070.66,0.016413,302.202,0.0000149169
30650,227.3,1062.65,0.0162865,302.235,0.0000149196
30700,227.35,1054.69,0.016161,302.268,0.0000149224
30750,227.4,1046.8,0.0160365,302.301,0.0000149252
30800,227.45,1038.97,0.015913,302.335,0.000014928
30850,227.5,1031.19,0.0157905,302.368,0.0000149307
30900,227.55,1023.48,0.015669,302.401,0.0000149335
30950,227.6,1015.83,0.0155484,302.434,0.0000149363
31000,227.65,1008.23,0.0154288,302.468,0.000014939
31050,227.7,1000.7,0.0153101,302.501,0.0000149418
31100,227.75,993.218,0.0151923,302.534,0.0000149446
31150,227.8,985.797,0.0150755,302.567,0.0000149474
31200,227.85,978.434,0.0149596,302.6,0.0000149501
31250,227.9,971.127,0.0148446,302.634,0.0000149529
31300,227.95,963.876,0.0147306,302.667,0.0000149557
31350,228,956.681,0.0146174,302.7,0.0000149585
31400,228.05,949.541,0.0145051,302.733,0.0000149612
31450,228.1,942.456,0.0143937,302.766,0.000014964
31500,228.15,935.425,0.0142832,302.8,0.0000149668
31550,228.2,928.449,0.0141736,302.833,0.0000149695
31600,228.25,921.526,0.0140648,302.866,0.0000149723
31650,228.3,914.656,0.0139569,302.899,0.0000149751
31700,228.35,907.838,0.0138499,302.932,0.0000149778
31750,228.4,901.073,0.0137437,302.965,0.0000149806
31800,228.45,894.36,0.0136383,302.999,0.0000149834
31850,228.5,887.699,0.0135337,303.032,0.0000149862
31900,228.55,881.088,0.01343,303.065,0.0000149889
31950,228.6,874.528,0.0133271,303.098,0.0000149917
32000,228.65,868.019,0.013225,303.131,0.0000149945
32050,228.79,861.56,0.0131186,303.224,0.0000150022
32100,228.93,855.154,0.0130131,303.317,0.00001501
32150,229.07,848.799,0.0129085,303.409,0.0000150177
32200,229.21,842.495,0.0128048,303.502,0.0000150254
32250,229.35,836.241,0.012702,303.595,0.0000150332
32300,229.49,830.038,0.0126001,303.688,0.0000150409
32350,229.63,823.885,0.012499,303.78,0.0000150487
32400,229.77,817.781,0.0123989,303.873,0.0000150564
32450,229.91,811.725,0.0122996,303.965,0.0000150641
32500,230.05,805.719,0.0122011,304.058,0.0000150719
32550,230.19,799.76,0.0121035,304.15,0.0000150796
32600,230.33,793.849,0.0120068,304.243,0.0000150873
32650,230.47,787.985,0.0119108,304.335,0.000015095
32700,230.61,782.168,0.0118157,304.428,0.0000151028
32750,230.75,776.398,0.0117214,304.52,0.0000151105
32800,230.89,770.674,0.011628,304.612,0.0000151182
32850,231.03,764.995,0.0115353,304.705,0.0000151259
32900,231.17,759.361,0.0114434,304.797,0.0000151336
32950,231.31,753.772,0.0113523,304.889,0.0000151414
33000,231.45,748.228,0.011262,304.982,0.0000151491
33050,231.59,742.728,0.0111724,305.074,0.0000151568
33100,231.73,737.272,0.0110837,305.166,0.0000151645
33150,231.87,731.859,0.0109956,305.258,0.0000151722
33200,232.01,726.489,0.0109084,305.35,0.0000151799
33250,232.15,721.161,0.0108219,305.442,0.0000151876
33300,232.29,715.876,0.0107361,305.535,0.0000151953
33350,232.43,710.632,0.010651,305.627,0.000015203
33400,232.57,705.431,0.0105667,305.719,0.0000152107
33450,232.71,700.27,0.0104831,305.811,0.0000152184
33500,232.85,695.15,0.0104002,305.903,0.0000152261
33550,232.99,690.071,0.010318,305.995,0.0000152338
33600,233.13,685.032,0.0102365,306.086,0.0000152414
33650,233.27,680.032,0.0101557,306.178,0.0000152491
33700,233.41,675.072,0.0100756,306.27,0.0000152568
33750,233.55,670.151,0.00999611,306.362,0.0000152645
33800,233.69,665.269,0.00991734,306.454,0.0000152722
33850,233.83,660.426,0.00983924,306.546,0.0000152799
33900,233.97,655.62,0.00976181,306.637,0.0000152875
33950,234.11,650.852,0.00968502,306.729,0.0000152952
34000,234.25,646.122,0.00960889,306.821,0.0000153029
34050,234.39,641.429,0.0095334,306.913,0.0000153106
34100,234.53,636.773,0.00945855,307.004,0.0000153182
34150,234.67,632.153,0.00938432,307.096,0.0000153259
34200,234.81,627.57,0.00931073,307.187,0.0000153335
34250,234.95,623.023,0.00923776,307.279,0.0000153412
34300,235.09,618.511,0.0091654,307.37,0.0000153489
34350,235.23,614.034,0.00909365,307.462,0.0000153565
34400,235.37,609.593,0.0090225,307.553,0.0000153642
34450,235.51,605.186,0.00895195,307.645,0.0000153718
34500,235.65,600.814,0.008882,307.736,0.0000153795
34550,235.79,596.476,0.00881263,307.828,0.0000153871
34600,235.93,592.172,0.00874385,307.919,0.0000153948
34650,236.07,587.901,0.00867564,308.01,0.0000154024
34700,236.21,583.664,0.008608,308.102,0.0000154101
34750,236.35,579.459,0.00854094,308.193,0.0000154177
34800,236.49,575.288,0.00847443,308.284,0.0000154254
34850,236.63,571.149,0.00840848,308.376,0.000015433
34900,236.77,567.042,0.00834308,308.467,0.0000154406
34950,236.91,562.967,0.00827823,308.558,0.0000154483
35000,237.05,558.924,0.00821392,308.649,0.0000154559
35050,237.19,554.912,0.00815015,308.74,0.0000154635
35100,237.33,550.931,0.00808691,308.831,0.0000154712
35150,237.47,546.981,0.0080242,308.922,0.0000154788
35200,237.61,543.062,0.00796201,309.013,0.0000154864
35250,237.75,539.173,0.00790034,309.104,0.000015494
35300,237.89,535.314,0.00783918,309.195,0.0000155017
35350,238.03,531.485,0.00777853,309.286,0.0000155093
35400,238.17,527.686,0.00771839,309.377,0.0000155169
35450,238.31,523.916,0.00765874,309.468,0.0000155245
35500,238.45,520.175,0.00759959,309.559,0.0000155321
35550,238.59,516.463,0.00754094,309.65,0.0000155397
35600,238.73,512.78,0.00748277,309.741,0.0000155474
35650,238.87,509.125,0.00742508,309.832,0.000015555
35700,239.01,505.498,0.00736787,309.922,0.0000155626
35750,239.15,501.9,0.00731113,310.013,0.0000155702
35800,239.29,498.329,0.00725486,310.104,0.0000155778
35850,239.43,494.785,0.00719906,310.195,0.0000155854
35900,239.57,491.269,0.00714372,310.285,0.000015593
35950,239.71,487.779,0.00708884,310.376,0.0000156006
36000,239.85,484.317,0.00703441,310.467,0.0000156082
36050,239.99,480.881,0.00698043,310.557,0.0000156158
36100,240.13,477.471,0.0069269,310.648,0.0000156233
36150,240.27,474.088,0.00687381,310.738,0.0000156309
36200,240.41,470.73,0.00682115,310.829,0.0000156385
36250,240.55,467.398,0.00676893,310.919,0.0000156461
36300,240.69,464.092,0.00671714,311.01,0.0000156537
36350,240.83,460.811,0.00666577,311.1,0.0000156613
36400,240.97,457.555,0.00661483,311.191,0.0000156688
36450,241.11,454.324,0.0065643,311.281,0.0000156764
36500,241.25,451.118,0.00651419,311.371,0.000015684
36550,241.39,447.936,0.00646449,311.462,0.0000156916
36600,241.53,444.778,0.0064152,311.552,0.0000156991
36650,241.67,441.645,0.00636632,311.642,0.0000157067
36700,241.81,438.535,0.00631783,311.733,0.0000157143
36750,241.95,435.449,0.00626974,311.823,0.0000157218
36800,242.09,432.386,0.00622205,311.913,0.0000157294
36850,242.23,429.347,0.00617474,312.003,0.000015737
36900,242.37,426.331,0.00612782,312.093,0.0000157445
36950,242.51,423.338,0.00608128,312.183,0.0000157521
37000,242.65,420.367,0.00603513,312.274,0.0000157596
37050,242.79,417.419,0.00598935,312.364,0.0000157672
37100,242.93,414.494,0.00594394,312.454,0.0000157748
37150,243.07,411.59,0.00589891,312.544,0.0000157823
37200,243.21,408.709,0.00585424,312.634,0.0000157898
37250,243.35,405.849,0.00580993,312.724,0.0000157974
37300,243.49,403.011,0.00576599,312.814,0.0000158049
37350,243.63,400.194,0.0057224,312.904,0.0000158125
37400,243.77,397.399,0.00567917,312.993,0.00001582
37450,243.91,394.625,0.00563629,313.083,0.0000158276
37500,244.05,391.872,0.00559375,313.173,0.0000158351
37550,244.19,389.139,0.00555156,313.263,0.0000158426
37600,244.33,386.427,0.00550972,313.353,0.0000158502
37650,244.47,383.736,0.00546821,313.442,0.0000158577
37700,244.61,381.065,0.00542704,313.532,0.0000158652
37750,244.75,378.414,0.0053862,313.622,0.0000158728
37800,244.89,375.783,0.00534569,313.712,0.0000158803
37850,245.03,373.172,0.00530551,313.801,0.0000158878
37900,245.17,370.58,0.00526566,313.891,0.0000158953
37950,245.31,368.008,0.00522612,313.981,0.0000159029
38000,245.45,365.455,0.00518691,314.07,0.0000159104
38050,245.59,362.921,0.00514801,314.16,0.0000159179
38100,245.73,360.406,0.00510943,314.249,0.0000159254
38150,245.87,357.91,0.00507115,314.339,0.0000159329
38200,246.01,355.433,0.00503319,314.428,0.0000159404
38250,246.15,352.974,0.00499553,314.518,0.0000159479
38300,246.29,350.534,0.00495817,314.607,0.0000159554
38350,246.43,348.112,0.00492112,314.696,0.0000159629
38400,246.57,345.708,0.00488436,314.786,0.0000159704
38450,246.71,343.322,0.00484789,314.875,0.0000159779
38500,246.85,340.954,0.00481172,314.965,0.0000159854
38550,246.99,338.603,0.00477584,315.054,0.0000159929
38600,247.13,336.27,0.00474025,315.143,0.0000160004
38650,247.27,333.955,0.00470494,315.232,0.0000160079
38700,247.41,331.656,0.00466992,315.322,0.0000160154
38750,247.55,329.375,0.00463517,315.411,0.0000160229
38800,247.69,327.111,0.00460071,315.5,0.0000160304
38850,247.83,324.863,0.00456651,315.589,0.0000160379
38900,247.97,322.632,0.0045326,315.678,0.0000160454
38950,248.11,320.418,0.00449895,315.767,0.0000160529
39000,248.25,318.22,0.00446557,315.856,0.0000160603
39050,248.39,316.039,0.00443246,315.945,0.0000160678
39100,248.53,313.874,0.00439961,316.034,0.0000160753
39150,248.67,311.724,0.00436702,316.123,0.0000160828
39200,248.81,309.591,0.0043347,316.212,0.0000160902
39250,248.95,307.473,0.00430263,316.301,0.0000160977
39300,249.09,305.372,0.00427081,316.39,0.0000161052
39350,249.23,303.285,0.00423925,316.479,0.0000161127
39400,249.37,301.214,0.00420794,316.568,0.0000161201
39450,249.51,299.159,0.00417688,316.657,0.0000161276
39500,249.65,297.118,0.00414606,316.746,0.000016135
39550,249.79,295.093,0.00411549,316.835,0.0000161425
39600,249.93,293.082,0.00408516,316.923,0.00001615
39650,250.07,291.086,0.00405507,317.012,0.0000161574
39700,250.21,289.105,0.00402522,317.101,0.0000161649
39750,250.35,287.139,0.00399561,317.19,0.0000161723
39800,250.49,285.187,0.00396623,317.278,0.0000161798
39850,250.63,283.249,0.00393708,317.367,0.0000161872
39900,250.77,281.326,0.00390816,317.455,0.0000161947
39950,250.91,279.417,0.00387947,317.544,0.0000162021
40000,251.05,277.522,0.00385101,317.633,0.0000162096
40050,251.19,275.64,0.00382277,317.721,0.000016217
40100,251.33,273.773,0.00379476,317.81,0.0000162245
40150,251.47,271.919,0.00376696,317.898,0.0000162319
40200,251.61,270.079,0.00373939,317.987,0.0000162393
40250,251.75,268.252,0.00371203,318.075,0.0000162468
40300,251.89,266.438,0.00368488,318.164,0.0000162542
40350,252.03,264.638,0.00365795,318.252,0.0000162616
40400,252.17,262.851,0.00363123,318.34,0.0000162691
40450,252.31,261.077,0.00360473,318.429,0.0000162765
40500,252.45,259.316,0.00357842,318.517,0.0000162839
40550,252.59,257.568,0.00355233,318.605,0.0000162913
40600,252.73,255.832,0.00352644,318.694,0.0000162988
40650,252.87,254.109,0.00350075,318.782,0.0000163062
40700,253.01,252.399,0.00347527,318.87,0.0000163136
40750,253.15,250.701,0.00344998,318.958,0.000016321
40800,253.29,249.016,0.00342489,319.047,0.0000163284
40850,253.43,247.343,0.0034,319.135,0.0000163358
40900,253.57,245.682,0.0033753,319.223,0.0000163433
40950,253.71,244.033,0.0033508,319.311,0.0000163507
41000,253.85,242.395,0.00332648,319.399,0.0000163581
41050,253.99,240.77,0.00330236,319.487,0.0000163655
41100,254.13,239.157,0.00327842,319.575,0.0000163729
41150,254.27,237.555,0.00325468,319.663,0.0000163803
41200,254.41,235.965,0.00323111,319.751,0.0000163877
41250,254.55,234.387,0.00320773,319.839,0.0000163951
41300,254.69,232.819,0.00318453,319.927,0.0000164025
41350,254.83,231.264,0.00316151,320.015,0.0000164099
41400,254.97,229.719,0.00313867,320.103,0.0000164173
41450,255.11,228.186,0.00311601,320.191,0.0000164247
41500,255.25,226.663,0.00309352,320.279,0.000016432
41550,255.39,225.152,0.00307121,320.366,0.0000164394
41600,255.53,223.651,0.00304907,320.454,0.0000164468
41650,255.67,222.162,0.00302711,320.542,0.0000164542
41700,255.81,220.683,0.00300531,320.63,0.0000164616
41750,255.95,219.214,0.00298368,320.717,0.000016469
41800,256.09,217.757,0.00296222,320.805,0.0000164763
41850,256.23,216.31,0.00294092,320.893,0.0000164837
41900,256.37,214.873,0.00291979,320.981,0.0000164911
41950,256.51,213.446,0.00289883,321.068,0.0000164985
42000,256.65,212.03,0.00287802,321.156,0.0000165058
42050,256.79,210.624,0.00285738,321.243,0.0000165132
42100,256.93,209.228,0.00283689,321.331,0.0000165206
42150,257.07,207.842,0.00281656,321.418,0.0000165279
42200,257.21,206.466,0.00279639,321.506,0.0000165353
42250,257.35,205.099,0.00277638,321.593,0.0000165427
42300,257.49,203.743,0.00275651,321.681,0.00001655
42350,257.63,202.396,0.0027368,321.768,0.0000165574
42400,257.77,201.059,0.00271725,321.856,0.0000165647
42450,257.91,199.731,0.00269784,321.943,0.0000165721
42500,258.05,198.413,0.00267858,322.03,0.0000165795
42550,258.19,197.105,0.00265947,322.118,0.0000165868
42600,258.33,195.805,0.00264051,322.205,0.0000165942
42650,258.47,194.515,0.00262169,322.292,0.0000166015
42700,258.61,193.234,0.00260302,322.38,0.0000166088
42750,258.75,191.962,0.00258448,322.467,0.0000166162
42800,258.89,190.7,0.00256609,322.554,0.0000166235
42850,259.03,189.446,0.00254785,322.641,0.0000166309
42900,259.17,188.201,0.00252974,322.729,0.0000166382
42950,259.31,186.965,0.00251177,322.816,0.0000166456
43000,259.45,185.738,0.00249393,322.903,0.0000166529
43050,259.59,184.519,0.00247624,322.99,0.0000166602
43100,259.73,183.309,0.00245867,323.077,0.0000166676
43150,259.87,182.108,0.00244124,323.164,0.0000166749
43200,260.01,180.915,0.00242395,323.251,0.0000166822
43250,260.15,179.731,0.00240679,323.338,0.0000166895
43300,260.29,178.555,0.00238975,323.425,0.0000166969
43350,260.43,177.387,0.00237285,323.512,0.0000167042
43400,260.57,176.228,0.00235607,323.599,0.0000167115
43450,260.71,175.077,0.00233943,323.686,0.0000167188
43500,260.85,173.934,0.00232291,323.773,0.0000167261
43550,260.99,172.799,0.00230651,323.86,0.0000167335
43600,261.13,171.672,0.00229024,323.947,0.0000167408
43650,261.27,170.553,0.00227409,324.033,0.0000167481
43700,261.41,169.442,0.00225807,324.12,0.0000167554
43750,261.55,168.339,0.00224216,324.207,0.0000167627
43800,261.69,167.243,0.00222638,324.294,0.00001677
43850,261.83,166.155,0.00221071,324.381,0.0000167773
43900,261.97,165.075,0.00219517,324.467,0.0000167846
43950,262.11,164.002,0.00217974,324.554,0.0000167919
44000,262.25,162.937,0.00216443,324.641,0.0000167992
44050,262.39,161.88,0.00214923,324.727,0.0000168065
44100,262.53,160.83,0.00213415,324.814,0.0000168138
44150,262.67,159.787,0.00211919,324.9,0.0000168211
44200,262.81,158.751,0.00210433,324.987,0.0000168284
44250,262.95,157.723,0.00208959,325.074,0.0000168357
44300,263.09,156.702,0.00207496,325.16,0.000016843
44350,263.23,155.688,0.00206044,325.247,0.0000168503
44400,263.37,154.682,0.00204602,325.333,0.0000168576
44450,263.51,153.682,0.00203172,325.42,0.0000168649
44500,263.65,152.689,0.00201752,325.506,0.0000168721
44550,263.79,151.703,0.00200343,325.592,0.0000168794
44600,263.93,150.724,0.00198945,325.679,0.0000168867
44650,264.07,149.752,0.00197557,325.765,0.000016894
44700,264.21,148.787,0.0019618,325.851,0.0000169013
44750,264.35,147.829,0.00194813,325.938,0.0000169085
44800,264.49,146.877,0.00193456,326.024,0.0000169158
44850,264.63,145.931,0.00192109,326.11,0.0000169231
44900,264.77,144.993,0.00190772,326.197,0.0000169303
44950,264.91,144.061,0.00189446,326.283,0.0000169376
45000,265.05,143.135,0.00188129,326.369,0.0000169449
45050,265.19,142.216,0.00186822,326.455,0.0000169521
45100,265.33,141.303,0.00185525,326.541,0.0000169594
45150,265.47,140.396,0.00184237,326.628,0.0000169667
45200,265.61,139.496,0.0018296,326.714,0.0000169739
45250,265.75,138.602,0.00181691,326.8,0.0000169812
45300,265.89,137.714,0.00180432,326.886,0.0000169884
45350,266.03,136.832,0.00179183,326.972,0.0000169957
45400,266.17,135.957,0.00177943,327.058,0.0000170029
45450,266.31,135.087,0.00176712,327.144,0.0000170102
45500,266.45,134.224,0.0017549,327.23,0.0000170174
45550,266.59,133.366,0.00174277,327.316,0.0000170247
45600,266.73,132.515,0.00173074,327.402,0.0000170319
45650,266.87,131.669,0.00171879,327.488,0.0000170392
45700,267.01,130.829,0.00170693,327.574,0.0000170464
45750,267.15,129.995,0.00169516,327.659,0.0000170536
45800,267.29,129.167,0.00168348,327.745,0.0000170609
45850,267.43,128.344,0.00167188,327.831,0.0000170681
45900,267.57,127.527,0.00166037,327.917,0.0000170754
45950,267.71,126.716,0.00164894,328.003,0.0000170826
46000,267.85,125.91,0.0016376,328.088,0.0000170898
46050,267.99,125.11,0.00162634,328.174,0.000017097
46100,268.13,124.315,0.00161517,328.26,0.0000171043
46150,268.27,123.526,0.00160408,328.346,0.0000171115
46200,268.41,122.742,0.00159307,328.431,0.0000171187
46250,268.55,121.964,0.00158214,328.517,0.0000171259
46300,268.69,121.191,0.00157129,328.602,0.0000171332
46350,268.83,120.423,0.00156052,328.688,0.0000171404
46400,268.97,119.66,0.00154983,328.774,0.0000171476
46450,269.11,118.903,0.00153922,328.859,0.0000171548
46500,269.25,118.151,0.00152869,328.945,0.000017162
46550,269.39,117.404,0.00151824,329.03,0.0000171692
46600,269.53,116.662,0.00150786,329.116,0.0000171764
46650,269.67,115.925,0.00149756,329.201,0.0000171837
46700,269.81,115.193,0.00148733,329.287,0.0000171909
46750,269.95,114.467,0.00147718,329.372,0.0000171981
46800,270.09,113.745,0.0014671,329.457,0.0000172053
46850,270.23,113.028,0.0014571,329.543,0.0000172125
46900,270.37,112.316,0.00144717,329.628,0.0000172197
46950,270.51,111.609,0.00143732,329.713,0.0000172269
47000,270.65,110.906,0.00142753,329.799,0.0000172341
47050,270.65,110.209,0.00141855,329.799,0.0000172341
47100,270.65,109.515,0.00140963,329.799,0.0000172341
47150,270.65,108.826,0.00140076,329.799,0.0000172341
47200,270.65,108.141,0.00139195,329.799,0.0000172341
47250,270.65,107.461,0.00138319,329.799,0.0000172341
47300,270.65,106.785,0.00137449,329.799,0.0000172341
47350,270.65,106.113,0.00136584,329.799,0.0000172341
47400,270.65,105.446,0.00135725,329.799,0.0000172341
47450,270.65,104.782,0.00134871,329.799,0.0000172341
47500,270.65,104.123,0.00134022,329.799,0.0000172341
47550,270.65,103.468,0.00133179,329.799,0.0000172341
47600,270.65,102.817,0.00132341,329.799,0.0000172341
47650,270.65,102.17,0.00131508,329.799,0.0000172341
47700,270.65,101.527,0.00130681,329.799,0.0000172341
47750,270.65,100.888,0.00129859,329.799,0.0000172341
47800,270.65,100.254,0.00129042,329.799,0.0000172341
47850,270.65,99.623,0.0012823,329.799,0.0000172341
47900,270.65,98.9962,0.00127423,329.799,0.0000172341
47950,270.65,98.3734,0.00126622,329.799,0.0000172341
48000,270.65,97.7545,0.00125825,329.799,0.0000172341
48050,270.65,97.1395,0.00125033,329.799,0.0000172341
48100,270.65,96.5283,0.00124247,329.799,0.0000172341
48150,270.65,95.921,0.00123465,329.799,0.0000172341
48200,270.65,95.3176,0.00122688,329.799,0.0000172341
48250,270.65,94.7179,0.00121916,329.799,0.0000172341
48300,270.65,94.122,0.00121149,329.799,0.0000172341
48350,270.65,93.5298,0.00120387,329.799,0.0000172341
48400,270.65,92.9414,0.0011963,329.799,0.0000172341
48450,270.65,92.3566,0.00118877,329.799,0.0000172341
48500,270.65,91.7756,0.00118129,329.799,0.0000172341
48550,270.65,91.1982,0.00117386,329.799,0.0000172341
48600,270.65,90.6244,0.00116647,329.799,0.0000172341
48650,270.65,90.0542,0.00115914,329.799,0.0000172341
48700,270.65,89.4877,0.00115184,329.799,0.0000172341
48750,270.65,88.9247,0.0011446,329.799,0.0000172341
48800,270.65,88.3652,0.00113739,329.799,0.0000172341
48850,270.65,87.8092,0.00113024,329.799,0.0000172341
48900,270.65,87.2568,0.00112313,329.799,0.0000172341
48950,270.65,86.7078,0.00111606,329.799,0.0000172341
49000,270.65,86.1623,0.00110904,329.799,0.0000172341
49050,270.65,85.6202,0.00110206,329.799,0.0000172341
49100,270.65,85.0815,0.00109513,329.799,0.0000172341
49150,270.65,84.5463,0.00108824,329.799,0.0000172341
49200,270.65,84.0143,0.00108139,329.799,0.0000172341
49250,270.65,83.4858,0.00107459,329.799,0.0000172341
49300,270.65,82.9605,0.00106783,329.799,0.0000172341
49350,270.65,82.4386,0.00106111,329.799,0.0000172341
49400,270.65,81.9199,0.00105443,329.799,0.0000172341
49450,270.65,81.4045,0.0010478,329.799,0.0000172341
49500,270.65,80.8924,0.00104121,329.799,0.0000172341
49550,270.65,80.3834,0.00103466,329.799,0.0000172341
49600,270.65,79.8777,0.00102815,329.799,0.0000172341
49650,270.65,79.3752,0.00102168,329.799,0.0000172341
49700,270.65,78.8758,0.00101525,329.799,0.0000172341
49750,270.65,78.3795,0.00100886,329.799,0.0000172341
49800,270.65,77.8864,0.00100252,329.799,0.0000172341
49850,270.65,77.3964,0.00099621,329.799,0.0000172341
49900,270.65,76.9095,0.000989942,329.799,0.0000172341
49950,270.65,76.4256,0.000983714,329.799,0.0000172341
50000,270.65,75.9448,0.000977525,329.799,0.0000172341
50050,270.65,75.467,0.000971375,329.799,0.0000172341
50100,270.65,74.9922,0.000965264,329.799,0.0000172341
50150,270.65,74.5204,0.000959191,329.799,0.0000172341
50200,270.65,74.0515,0.000953156,329.799,0.0000172341
50250,270.65,73.5856,0.000947159,329.799,0.0000172341
50300,270.65,73.1227,0.0009412,329.799,0.0000172341
50350,270.65,72.6626,0.000935279,329.799,0.0000172341
50400,270.65,72.2055,0.000929395,329.799,0.0000172341
50450,270.65,71.7512,0.000923547,329.799,0.0000172341
50500,270.65,71.2998,0.000917737,329.799,0.0000172341
50550,270.65,70.8512,0.000911963,329.799,0.0000172341
50600,270.65,70.4054,0.000906225,329.799,0.0000172341
50650,270.65,69.9625,0.000900524,329.799,0.0000172341
50700,270.65,69.5223,0.000894858,329.799,0.0000172341
50750,270.65,69.0849,0.000889228,329.799,0.0000172341
50800,270.65,68.6503,0.000883634,329.799,0.0000172341
50850,270.65,68.2184,0.000878075,329.799,0.0000172341
50900,270.65,67.7892,0.00087255,329.799,0.0000172341
50950,270.65,67.3627,0.000867061,329.799,0.0000172341
51000,270.65,66.9389,0.000861606,329.799,0.0000172341
51050,270.51,66.5176,0.000856626,329.713,0.0000172269
51100,270.37,66.0988,0.000851674,329.628,0.0000172197
51150,270.23,65.6824,0.000846747,329.543,0.0000172125
51200,270.09,65.2684,0.000841846,329.457,0.0000172053
51250,269.95,64.8568,0.000836971,329.372,0.0000171981
51300,269.81,64.4476,0.000832122,329.287,0.0000171909
51350,269.67,64.0408,0.000827298,329.201,0.0000171837
51400,269.53,63.6363,0.0008225,329.116,0.0000171764
51450,269.39,63.2342,0.000817728,329.03,0.0000171692
51500,269.25,62.8344,0.00081298,328.945,0.000017162
51550,269.11,62.4369,0.000808258,328.859,0.0000171548
51600,268.97,62.0418,0.00080356,328.774,0.0000171476
51650,268.83,61.6489,0.000798888,328.688,0.0000171404
51700,268.69,61.2583,0.00079424,328.602,0.0000171332
51750,268.55,60.87,0.000789617,328.517,0.0000171259
51800,268.41,60.484,0.000785018,328.431,0.0000171187
51850,268.27,60.1002,0.000780444,328.346,0.0000171115
51900,268.13,59.7186,0.000775894,328.26,0.0000171043
51950,267.99,59.3393,0.000771368,328.174,0.000017097
52000,267.85,58.9622,0.000766867,328.088,0.0000170898
52050,267.71,58.5872,0.000762389,328.003,0.0000170826
52100,267.57,58.2145,0.000757935,327.917,0.0000170754
52150,267.43,57.844,0.000753505,327.831,0.0000170681
52200,267.29,57.4756,0.000749098,327.745,0.0000170609
52250,267.15,57.1093,0.000744715,327.659,0.0000170536
52300,267.01,56.7453,0.000740355,327.574,0.0000170464
52350,266.87,56.3833,0.000736019,327.488,0.0000170392
52400,266.73,56.0235,0.000731705,327.402,0.0000170319
52450,266.59,55.6657,0.000727415,327.316,0.0000170247
52500,266.45,55.3101,0.000723147,327.23,0.0000170174
52550,266.31,54.9566,0.000718903,327.144,0.0000170102
52600,266.17,54.6051,0.000714681,327.058,0.0000170029
52650,266.03,54.2557,0.000710482,326.972,0.0000169957
52700,265.89,53.9084,0.000706305,326.886,0.0000169884
52750,265.75,53.563,0.00070215,326.8,0.0000169812
52800,265.61,53.2198,0.000698018,326.714,0.0000169739
52850,265.47,52.8785,0.000693908,326.628,0.0000169667
52900,265.33,52.5393,0.00068982,326.541,0.0000169594
52950,265.19,52.202,0.000685754,326.455,0.0000169521
53000,265.05,51.8668,0.00068171,326.369,0.0000169449
53050,264.91,51.5335,0.000677687,326.283,0.0000169376
53100,264.77,51.2022,0.000673687,326.197,0.0000169303
53150,264.63,50.8728,0.000669707,326.11,0.0000169231
53200,264.49,50.5454,0.000665749,326.024,0.0000169158
53250,264.35,50.22,0.000661813,325.938,0.0000169085
53300,264.21,49.8964,0.000657897,325.851,0.0000169013
53350,264.07,49.5748,0.000654003,325.765,0.000016894
53400,263.93,49.2551,0.00065013,325.679,0.0000168867
53450,263.79,48.9372,0.000646278,325.592,0.0000168794
53500,263.65,48.6213,0.000642446,325.506,0.0000168721
53550,263.51,48.3072,0.000638635,325.42,0.0000168649
53600,263.37,47.995,0.000634845,325.333,0.0000168576
53650,263.23,47.6846,0.000631075,325.247,0.0000168503
53700,263.09,47.3761,0.000627326,325.16,0.000016843
53750,262.95,47.0694,0.000623597,325.074,0.0000168357
53800,262.81,46.7646,0.000619888,324.987,0.0000168284
53850,262.67,46.4615,0.000616199,324.9,0.0000168211
53900,262.53,46.1603,0.00061253,324.814,0.0000168138
53950,262.39,45.8608,0.000608881,324.727,0.0000168065
54000,262.25,45.5632,0.000605252,324.641,0.0000167992
54050,262.11,45.2673,0.000601643,324.554,0.0000167919
54100,261.97,44.9731,0.000598053,324.467,0.0000167846
54150,261.83,44.6808,0.000594483,324.381,0.0000167773
54200,261.69,44.3902,0.000590932,324.294,0.00001677
54250,261.55,44.1013,0.000587401,324.207,0.0000167627
54300,261.41,43.8141,0.000583888,324.12,0.0000167554
54350,261.27,43.5287,0.000580395,324.033,0.0000167481
54400,261.13,43.2449,0.000576921,323.947,0.0000167408
54450,260.99,42.9629,0.000573466,323.86,0.0000167335
54500,260.85,42.6826,0.00057003,323.773,0.0000167261
54550,260.71,42.4039,0.000566612,323.686,0.0000167188
54600,260.57,42.1269,0.000563214,323.599,0.0000167115
54650,260.43,41.8516,0.000559833,323.512,0.0000167042
54700,260.29,41.5779,0.000556472,323.425,0.0000166969
54750,260.15,41.3058,0.000553128,323.338,0.0000166895
54800,260.01,41.0354,0.000549803,323.251,0.0000166822
54850,259.87,40.7667,0.000546496,323.164,0.0000166749
54900,259.73,40.4995,0.000543208,323.077,0.0000166676
54950,259.59,40.234,0.000539937,322.99,0.0000166602
55000,259.45,39.97,0.000536684,322.903,0.0000166529
55050,259.31,39.7077,0.000533449,322.816,0.0000166456
55100,259.17,39.4469,0.000530232,322.729,0.0000166382
55150,259.03,39.1877,0.000527033,322.641,0.0000166309
55200,258.89,38.93,0.000523851,322.554,0.0000166235
55250,258.75,38.6739,0.000520686,322.467,0.0000166162
55300,258.61,38.4194,0.000517539,322.38,0.0000166088
55350,258.47,38.1664,0.00051441,322.292,0.0000166015
55400,258.33,37.9149,0.000511298,322.205,0.0000165942
55450,258.19,37.665,0.000508202,322.118,0.0000165868
55500,258.05,37.4166,0.000505124,322.03,0.0000165795
55550,257.91,37.1696,0.000502063,321.943,0.0000165721
55600,257.77,36.9242,0.000499019,321.856,0.0000165647
55650,257.63,36.6803,0.000495991,321.768,0.0000165574
55700,257.49,36.4378,0.000492981,321.681,0.00001655
55750,257.35,36.1968,0.000489987,321.593,0.0000165427
55800,257.21,35.9573,0.000487009,321.506,0.0000165353
55850,257.07,35.7192,0.000484048,321.418,0.0000165279
55900,256.93,35.4826,0.000481104,321.331,0.0000165206
55950,256.79,35.2474,0.000478175,321.243,0.0000165132
56000,256.65,35.0137,0.000475263,321.156,0.0000165058
56050,256.51,34.7813,0.000472368,321.068,0.0000164985
56100,256.37,34.5504,0.000469488,320.981,0.0000164911
56150,256.23,34.3209,0.000466624,320.893,0.0000164837
56200,256.09,34.0928,0.000463776,320.805,0.0000164763
56250,255.95,33.8661,0.000460944,320.717,0.000016469
56300,255.81,33.6408,0.000458128,320.63,0.0000164616
56350,255.67,33.4168,0.000455327,320.542,0.0000164542
56400,255.53,33.1943,0.000452542,320.454,0.0000164468
56450,255.39,32.973,0.000449773,320.366,0.0000164394
56500,255.25,32.7532,0.000447019,320.279,0.000016432
56550,255.11,32.5347,0.00044428,320.191,0.0000164247
56600,254.97,32.3175,0.000441557,320.103,0.0000164173
56650,254.83,32.1016,0.000438849,320.015,0.0000164099
56700,254.69,31.8871,0.000436156,319.927,0.0000164025
56750,254.55,31.6739,0.000433478,319.839,0.0000163951
56800,254.41,31.462,0.000430815,319.751,0.0000163877
56850,254.27,31.2514,0.000428167,319.663,0.0000163803
56900,254.13,31.0421,0.000425534,319.575,0.0000163729
56950,253.99,30.8341,0.000422915,319.487,0.0000163655
57000,253.85,30.6274,0.000420311,319.399,0.0000163581
57050,253.71,30.4219,0.000417722,319.311,0.0000163507
57100,253.57,30.2178,0.000415147,319.223,0.0000163433
57150,253.43,30.0148,0.000412587,319.135,0.0000163358
57200,253.29,29.8131,0.000410041,319.047,0.0000163284
57250,253.15,29.6127,0.00040751,318.958,0.000016321
57300,253.01,29.4135,0.000404993,318.87,0.0000163136
57350,252.87,29.2155,0.00040249,318.782,0.0000163062
57400,252.73,29.0188,0.000400001,318.694,0.0000162988
57450,252.59,28.8233,0.000397526,318.605,0.0000162913
57500,252.45,28.629,0.000395065,318.517,0.0000162839
57550,252.31,28.4358,0.000392618,318.429,0.0000162765
57600,252.17,28.2439,0.000390184,318.34,0.0000162691
57650,252.03,28.0532,0.000387765,318.252,0.0000162616
57700,251.89,27.8637,0.000385359,318.164,0.0000162542
57750,251.75,27.6753,0.000382967,318.075,0.0000162468
57800,251.61,27.4881,0.000380588,317.987,0.0000162393
57850,251.47,27.3021,0.000378222,317.898,0.0000162319
57900,251.33,27.1172,0.000375871,317.81,0.0000162245
57950,251.19,26.9335,0.000373532,317.721,0.000016217
58000,251.05,26.7509,0.000371207,317.633,0.0000162096
58050,250.91,26.5694,0.000368895,317.544,0.0000162021
58100,250.77,26.3891,0.000366596,317.455,0.0000161947
58150,250.63,26.2099,0.00036431,317.367,0.0000161872
58200,250.49,26.0318,0.000362037,317.278,0.0000161798
58250,250.35,25.8549,0.000359777,317.19,0.0000161723
58300,250.21,25.679,0.000357529,317.101,0.0000161649
58350,250.07,25.5043,0.000355295,317.012,0.0000161574
58400,249.93,25.3306,0.000353073,316.923,0.00001615
58450,249.79,25.158,0.000350864,316.835,0.0000161425
58500,249.65,24.9865,0.000348668,316.746,0.000016135
58550,249.51,24.8161,0.000346484,316.657,0.0000161276
58600,249.37,24.6467,0.000344313,316.568,0.0000161201
58650,249.23,24.4784,0.000342154,316.479,0.0000161127
58700,249.09,24.3112,0.000340007,316.39,0.0000161052
58750,248.95,24.145,0.000337873,316.301,0.0000160977
58800,248.81,23.9798,0.00033575,316.212,0.0000160902
58850,248.67,23.8157,0.00033364,316.123,0.0000160828
58900,248.53,23.6526,0.000331542,316.034,0.0000160753
58950,248.39,23.4906,0.000329456,315.945,0.0000160678
59000,248.25,23.3296,0.000327382,315.856,0.0000160603
59050,248.11,23.1695,0.00032532,315.767,0.0000160529
59100,247.97,23.0105,0.00032327,315.678,0.0000160454
59150,247.83,22.8525,0.000321232,315.589,0.0000160379
59200,247.69,22.6955,0.000319205,315.5,0.0000160304
59250,247.55,22.5395,0.00031719,315.411,0.0000160229
59300,247.41,22.3844,0.000315186,315.322,0.0000160154
59350,247.27,22.2304,0.000313194,315.232,0.0000160079
59400,247.13,22.0773,0.000311214,315.143,0.0000160004
59450,246.99,21.9252,0.000309245,315.054,0.0000159929
59500,246.85,21.774,0.000307287,314.965,0.0000159854
59550,246.71,21.6238,0.00030534,314.875,0.0000159779
59600,246.57,21.4746,0.000303405,314.786,0.0000159704
59650,246.43,21.3263,0.000301481,314.696,0.0000159629
59700,246.29,21.1789,0.000299568,314.607,0.0000159554
59750,246.15,21.0325,0.000297666,314.518,0.0000159479
59800,246.01,20.887,0.000295775,314.428,0.0000159404
59850,245.87,20.7425,0.000293896,314.339,0.0000159329
59900,245.73,20.5988,0.000292027,314.249,0.0000159254
59950,245.59,20.4561,0.000290168,314.16,0.0000159179
60000,245.45,20.3143,0.000288321,314.07,0.0000159104
60050,245.31,20.1733,0.000286484,313.981,0.0000159029
60100,245.17,20.0333,0.000284658,313.891,0.0000158953
60150,245.03,19.8942,0.000282843,313.801,0.0000158878
60200,244.89,19.7559,0.000281038,313.712,0.0000158803
60250,244.75,19.6186,0.000279243,313.622,0.0000158728
60300,244.61,19.4821,0.000277459,313.532,0.0000158652
60350,244.47,19.3465,0.000275686,313.442,0.0000158577
60400,244.33,19.2117,0.000273923,313.353,0.0000158502
60450,244.19,19.0779,0.00027217,313.263,0.0000158426
60500,244.05,18.9448,0.000270427,313.173,0.0000158351
60550,243.91,18.8127,0.000268694,313.083,0.0000158276
60600,243.77,18.6813,0.000266972,312.993,0.00001582
60650,243.63,18.5508,0.00026526,312.904,0.0000158125
60700,243.49,18.4212,0.000263557,312.814,0.0000158049
60750,243.35,18.2924,0.000261865,312.724,0.0000157974
60800,243.21,18.1644,0.000260182,312.634,0.0000157898
60850,243.07,18.0372,0.000258509,312.544,0.0000157823
60900,242.93,17.9109,0.000256847,312.454,0.0000157748
60950,242.79,17.7853,0.000255193,312.364,0.0000157672
61000,242.65,17.6606,0.00025355,312.274,0.0000157596
61050,242.51,17.5367,0.000251916,312.183,0.0000157521
61100,242.37,17.4136,0.000250292,312.093,0.0000157445
61150,242.23,17.2912,0.000248677,312.003,0.000015737
61200,242.09,17.1697,0.000247072,311.913,0.0000157294
61250,241.95,17.0489,0.000245477,311.823,0.0000157218
61300,241.81,16.929,0.00024389,311.733,0.0000157143
61350,241.67,16.8098,0.000242313,311.642,0.0000157067
61400,241.53,16.6913,0.000240746,311.552,0.0000156991
61450,241.39,16.5737,0.000239187,311.462,0.0000156916
61500,241.25,16.4568,0.000237638,311.371,0.000015684
61550,241.11,16.3406,0.000236098,311.281,0.0000156764
61600,240.97,16.2252,0.000234567,311.191,0.0000156688
61650,240.83,16.1106,0.000233045,311.1,0.0000156613
61700,240.69,15.9967,0.000231532,311.01,0.0000156537
61750,240.55,15.8835,0.000230028,310.919,0.0000156461
61800,240.41,15.7711,0.000228533,310.829,0.0000156385
61850,240.27,15.6594,0.000227046,310.738,0.0000156309
61900,240.13,15.5485,0.000225569,310.648,0.0000156233
61950,239.99,15.4382,0.0002241,310.557,0.0000156158
62000,239.85,15.3287,0.00022264,310.467,0.0000156082
62050,239.71,15.2199,0.000221189,310.376,0.0000156006
62100,239.57,15.1118,0.000219746,310.285,0.000015593
62150,239.43,15.0044,0.000218312,310.195,0.0000155854
62200,239.29,14.8977,0.000216886,310.104,0.0000155778
62250,239.15,14.7917,0.000215469,310.013,0.0000155702
62300,239.01,14.6864,0.000214061,309.922,0.0000155626
62350,238.87,14.5818,0.00021266,309.832,0.000015555
62400,238.73,14.4778,0.000211268,309.741,0.0000155474
62450,238.59,14.3746,0.000209885,309.65,0.0000155397
62500,238.45,14.272,0.000208509,309.559,0.0000155321
62550,238.31,14.1701,0.000207142,309.468,0.0000155245
62600,238.17,14.0689,0.000205783,309.377,0.0000155169
62650,238.03,13.9683,0.000204432,309.286,0.0000155093
62700,237.89,13.8684,0.00020309,309.195,0.0000155017
62750,237.75,13.7691,0.000201755,309.104,0.000015494
62800,237.61,13.6705,0.000200428,309.013,0.0000154864
62850,237.47,13.5726,0.000199109,308.922,0.0000154788
62900,237.33,13.4753,0.000197798,308.831,0.0000154712
62950,237.19,13.3786,0.000196495,308.74,0.0000154635
63000,237.05,13.2826,0.0001952,308.649,0.0000154559
63050,236.91,13.1872,0.000193913,308.558,0.0000154483
63100,236.77,13.0924,0.000192633,308.467,0.0000154406
63150,236.63,12.9983,0.000191361,308.376,0.000015433
63200,236.49,12.9047,0.000190097,308.284,0.0000154254
63250,236.35,12.8118,0.00018884,308.193,0.0000154177
63300,236.21,12.7196,0.000187591,308.102,0.0000154101
63350,236.07,12.6279,0.000186349,308.01,0.0000154024
63400,235.93,12.5368,0.000185115,307.919,0.0000153948
63450,235.79,12.4463,0.000183888,307.828,0.0000153871
63500,235.65,12.3565,0.000182669,307.736,0.0000153795
63550,235.51,12.2672,0.000181457,307.645,0.0000153718
63600,235.37,12.1785,0.000180253,307.553,0.0000153642
63650,235.23,12.0904,0.000179055,307.462,0.0000153565
63700,235.09,12.0029,0.000177865,307.37,0.0000153489
63750,234.95,11.916,0.000176682,307.279,0.0000153412
63800,234.81,11.8297,0.000175507,307.187,0.0000153335
63850,234.67,11.7439,0.000174338,307.096,0.0000153259
63900,234.53,11.6587,0.000173177,307.004,0.0000153182
63950,234.39,11.5741,0.000172022,306.913,0.0000153106
64000,234.25,11.49,0.000170875,306.821,0.0000153029
64050,234.11,11.4065,0.000169735,306.729,0.0000152952
64100,233.97,11.3235,0.000168601,306.637,0.0000152875
64150,233.83,11.2412,0.000167474,306.546,0.0000152799
64200,233.69,11.1593,0.000166355,306.454,0.0000152722
64250,233.55,11.078,0.000165242,306.362,0.0000152645
64300,233.41,10.9973,0.000164136,306.27,0.0000152568
64350,233.27,10.917,0.000163036,306.178,0.0000152491
64400,233.13,10.8374,0.000161944,306.086,0.0000152414
64450,232.99,10.7582,0.000160858,305.995,0.0000152338
64500,232.85,10.6796,0.000159778,305.903,0.0000152261
64550,232.71,10.6015,0.000158706,305.811,0.0000152184
64600,232.57,10.524,0.000157639,305.719,0.0000152107
64650,232.43,10.447,0.00015658,305.627,0.000015203
64700,232.29,10.3704,0.000155527,305.535,0.0000151953
64750,232.15,10.2944,0.00015448,305.442,0.0000151876
64800,232.01,10.2189,0.00015344,305.35,0.0000151799
64850,231.87,10.144,0.000152406,305.258,0.0000151722
64900,231.73,10.0695,0.000151378,305.166,0.0000151645
64950,231.59,9.99551,0.000150357,305.074,0.0000151568
65000,231.45,9.92203,0.000149342,304.982,0.0000151491
65050,231.31,9.84905,0.000148333,304.889,0.0000151414
65100,231.17,9.77656,0.000147331,304.797,0.0000151336
65150,231.03,9.70457,0.000146334,304.705,0.0000151259
65200,230.89,9.63306,0.000145344,304.612,0.0000151182
65250,230.75,9.56203,0.00014436,304.52,0.0000151105
65300,230.61,9.49149,0.000143382,304.428,0.0000151028
65350,230.47,9.42142,0.00014241,304.335,0.000015095
65400,230.33,9.35183,0.000141444,304.243,0.0000150873
65450,230.19,9.28271,0.000140484,304.15,0.0000150796
65500,230.05,9.21406,0.00013953,304.058,0.0000150719
65550,229.91,9.14588,0.000138582,303.965,0.0000150641
65600,229.77,9.07816,0.000137639,303.873,0.0000150564
65650,229.63,9.0109,0.000136703,303.78,0.0000150487
65700,229.49,8.9441,0.000135772,303.688,0.0000150409
65750,229.35,8.87775,0.000134847,303.595,0.0000150332
65800,229.21,8.81186,0.000133928,303.502,0.0000150254
65850,229.07,8.74641,0.000133015,303.409,0.0000150177
65900,228.93,8.68141,0.000132107,303.317,0.00001501
65950,228.79,8.61686,0.000131205,303.224,0.0000150022
66000,228.65,8.55275,0.000130308,303.131,0.0000149945
66050,228.51,8.48907,0.000129417,303.038,0.0000149867
66100,228.37,8.42583,0.000128532,302.946,0.000014979
66150,228.23,8.36302,0.000127652,302.853,0.0000149712
66200,228.09,8.30064,0.000126778,302.76,0.0000149634
66250,227.95,8.23869,0.000125909,302.667,0.0000149557
66300,227.81,8.17717,0.000125046,302.574,0.0000149479
66350,227.67,8.11607,0.000124187,302.481,0.0000149402
66400,227.53,8.05538,0.000123335,302.388,0.0000149324
66450,227.39,7.99512,0.000122487,302.295,0.0000149246
66500,227.25,7.93526,0.000121645,302.202,0.0000149169
66550,227.11,7.87582,0.000120809,302.109,0.0000149091
66600,226.97,7.81679,0.000119977,302.016,0.0000149013
66650,226.83,7.75816,0.000119151,301.922,0.0000148935
66700,226.69,7.69994,0.00011833,301.829,0.0000148858
66750,226.55,7.64212,0.000117514,301.736,0.000014878
66800,226.41,7.5847,0.000116703,301.643,0.0000148702
66850,226.27,7.52767,0.000115897,301.549,0.0000148624
66900,226.13,7.47104,0.000115096,301.456,0.0000148546
66950,225.99,7.4148,0.000114301,301.363,0.0000148468
67000,225.85,7.35895,0.00011351,301.269,0.000014839
67050,225.71,7.30349,0.000112724,301.176,0.0000148313
67100,225.57,7.24841,0.000111944,301.083,0.0000148235
67150,225.43,7.19371,0.000111168,300.989,0.0000148157
67200,225.29,7.13939,0.000110397,300.896,0.0000148079
67250,225.15,7.08544,0.000109631,300.802,0.0000148001
67300,225.01,7.03187,0.00010887,300.709,0.0000147923
67350,224.87,6.97868,0.000108113,300.615,0.0000147845
67400,224.73,6.92585,0.000107362,300.522,0.0000147767
67450,224.59,6.87339,0.000106615,300.428,0.0000147688
67500,224.45,6.8213,0.000105873,300.334,0.000014761
67550,224.31,6.76956,0.000105136,300.241,0.0000147532
67600,224.17,6.71819,0.000104403,300.147,0.0000147454
67650,224.03,6.66718,0.000103675,300.053,0.0000147376
67700,223.89,6.61652,0.000102952,299.959,0.0000147298
67750,223.75,6.56622,0.000102233,299.866,0.000014722
67800,223.61,6.51626,0.000101519,299.772,0.0000147141
67850,223.47,6.46666,0.000100809,299.678,0.0000147063
67900,223.33,6.4174,0.000100104,299.584,0.0000146985
67950,223.19,6.36849,0.0000994031,299.49,0.0000146907
68000,223.05,6.31992,0.0000987069,299.396,0.0000146828
68050,222.91,6.27169,0.0000980152,299.302,0.000014675
68100,222.77,6.2238,0.0000973279,299.208,0.0000146672
68150,222.63,6.17625,0.0000966449,299.114,0.0000146593
68200,222.49,6.12902,0.0000959663,299.02,0.0000146515
68250,222.35,6.08213,0.0000952921,298.926,0.0000146436
68300,222.21,6.03557,0.0000946222,298.832,0.0000146358
68350,222.07,5.98934,0.0000939566,298.738,0.000014628
68400,221.93,5.94343,0.0000932952,298.644,0.0000146201
68450,221.79,5.89785,0.0000926381,298.549,0.0000146123
68500,221.65,5.85259,0.0000919852,298.455,0.0000146044
68550,221.51,5.80764,0.0000913366,298.361,0.0000145966
68600,221.37,5.76302,0.000090692,298.266,0.0000145887
68650,221.23,5.7187,0.0000900516,298.172,0.0000145808
68700,221.09,5.6747,0.0000894154,298.078,0.000014573
68750,220.95,5.63102,0.0000887832,297.983,0.0000145651
68800,220.81,5.58764,0.0000881551,297.889,0.0000145573
68850,220.67,5.54456,0.0000875311,297.795,0.0000145494
68900,220.53,5.5018,0.0000869111,297.7,0.0000145415
68950,220.39,5.45933,0.000086295,297.606,0.0000145336
69000,220.25,5.41717,0.000085683,297.511,0.0000145258
69050,220.11,5.37531,0.0000850749,297.416,0.0000145179
69100,219.97,5.33374,0.0000844708,297.322,0.00001451
69150,219.83,5.29247,0.0000838705,297.227,0.0000145021
69200,219.69,5.25149,0.0000832742,297.133,0.0000144943
69250,219.55,5.2108,0.0000826817,297.038,0.0000144864
69300,219.41,5.17041,0.000082093,296.943,0.0000144785
69350,219.27,5.1303,0.0000815082,296.848,0.0000144706
69400,219.13,5.09047,0.0000809272,296.754,0.0000144627
69450,218.99,5.05093,0.0000803499,296.659,0.0000144548
69500,218.85,5.01168,0.0000797764,296.564,0.0000144469
69550,218.71,4.9727,0.0000792067,296.469,0.000014439
69600,218.57,4.934,0.0000786406,296.374,0.0000144312
69650,218.43,4.89558,0.0000780782,296.279,0.0000144233
69700,218.29,4.85743,0.0000775195,296.184,0.0000144154
69750,218.15,4.81956,0.0000769644,296.089,0.0000144074
69800,218.01,4.78196,0.000076413,295.994,0.0000143995
69850,217.87,4.74462,0.0000758651,295.899,0.0000143916
69900,217.73,4.70756,0.0000753209,295.804,0.0000143837
69950,217.59,4.67076,0.0000747802,295.709,0.0000143758
70000,217.45,4.63422,0.000074243,295.614,0.0000143679
70050,217.31,4.59795,0.0000737093,295.519,0.00001436
70100,217.17,4.56194,0.0000731792,295.423,0.0000143521
70150,217.03,4.52618,0.0000726525,295.328,0.0000143441
70200,216.89,4.49069,0.0000721293,295.233,0.0000143362
70250,216.75,4.45545,0.0000716095,295.138,0.0000143283
70300,216.61,4.42046,0.0000710931,295.042,0.0000143204
70350,216.47,4.38573,0.0000705801,294.947,0.0000143124
70400,216.33,4.35125,0.0000700705,294.852,0.0000143045
70450,216.19,4.31701,0.0000695642,294.756,0.0000142966
70500,216.05,4.28303,0.0000690613,294.661,0.0000142886
70550,215.91,4.24929,0.0000685617,294.565,0.0000142807
70600,215.77,4.21579,0.0000680654,294.47,0.0000142728
70650,215.63,4.18254,0.0000675723,294.374,0.0000142648
70700,215.49,4.14952,0.0000670825,294.279,0.0000142569
70750,215.35,4.11675,0.000066596,294.183,0.0000142489
70800,215.21,4.08422,0.0000661126,294.087,0.000014241
70850,215.07,4.05192,0.0000656325,293.992,0.000014233
70900,214.93,4.01985,0.0000651555,293.896,0.0000142251
70950,214.79,3.98802,0.0000646817,293.8,0.0000142171
71000,214.65,3.95642,0.000064211,293.704,0.0000142092
71050,214.55,3.92505,0.0000637316,293.636,0.0000142035
71100,214.45,3.89392,0.0000632556,293.568,0.0000141978
71150,214.35,3.86302,0.0000627829,293.499,0.0000141921
71200,214.25,3.83235,0.0000623136,293.431,0.0000141864
71250,214.15,3.80191,0.0000618475,293.362,0.0000141808
71300,214.05,3.7717,0.0000613847,293.294,0.0000141751
71350,213.95,3.74171,0.0000609251,293.225,0.0000141694
71400,213.85,3.71195,0.0000604688,293.157,0.0000141637
71450,213.75,3.68241,0.0000600156,293.088,0.000014158
71500,213.65,3.6531,0.0000595657,293.019,0.0000141523
71550,213.55,3.624,0.0000591189,292.951,0.0000141466
71600,213.45,3.59512,0.0000586753,292.882,0.0000141409
71650,213.35,3.56646,0.0000582348,292.814,0.0000141352
71700,213.25,3.53801,0.0000577974,292.745,0.0000141295
71750,213.15,3.50978,0.0000573631,292.676,0.0000141238
71800,213.05,3.48176,0.0000569318,292.608,0.0000141181
71850,212.95,3.45395,0.0000565036,292.539,0.0000141124
71900,212.85,3.42634,0.0000560784,292.47,0.0000141067
71950,212.75,3.39895,0.0000556562,292.402,0.000014101
72000,212.65,3.37176,0.000055237,292.333,0.0000140953
72050,212.55,3.34478,0.0000548207,292.264,0.0000140896
72100,212.45,3.318,0.0000544074,292.195,0.0000140839
72150,212.35,3.29143,0.000053997,292.127,0.0000140782
72200,212.25,3.26505,0.0000535895,292.058,0.0000140725
72250,212.15,3.23887,0.000053185,291.989,0.0000140668
72300,212.05,3.21289,0.0000527832,291.92,0.000014061
72350,211.95,3.18711,0.0000523843,291.851,0.0000140553
72400,211.85,3.16152,0.0000519883,291.783,0.0000140496
72450,211.75,3.13612,0.000051595,291.714,0.0000140439
72500,211.65,3.11092,0.0000512046,291.645,0.0000140382
72550,211.55,3.08591,0.0000508169,291.576,0.0000140325
72600,211.45,3.06109,0.000050432,291.507,0.0000140268
72650,211.35,3.03645,0.0000500498,291.438,0.000014021
72700,211.25,3.012,0.0000496703,291.369,0.0000140153
72750,211.15,2.98774,0.0000492936,291.3,0.0000140096
72800,211.05,2.96366,0.0000489195,291.231,0.0000140039
72850,210.95,2.93977,0.000048548,291.162,0.0000139981
72900,210.85,2.91605,0.0000481793,291.093,0.0000139924
72950,210.75,2.89252,0.0000478131,291.024,0.0000139867
73000,210.65,2.86917,0.0000474496,290.955,0.000013981
73050,210.55,2.84599,0.0000470886,290.886,0.0000139752
73100,210.45,2.82299,0.0000467302,290.817,0.0000139695
73150,210.35,2.80016,0.0000463744,290.748,0.0000139638
73200,210.25,2.77751,0.0000460212,290.679,0.0000139581
73250,210.15,2.75503,0.0000456704,290.609,0.0000139523
73300,210.05,2.73272,0.0000453222,290.54,0.0000139466
73350,209.95,2.71058,0.0000449764,290.471,0.0000139409
73400,209.85,2.68861,0.0000446331,290.402,0.0000139351
73450,209.75,2.66681,0.0000442923,290.333,0.0000139294
73500,209.65,2.64518,0.000043954,290.264,0.0000139236
73550,209.55,2.62371,0.000043618,290.194,0.0000139179
73600,209.45,2.6024,0.0000432845,290.125,0.0000139122
73650,209.35,2.58126,0.0000429533,290.056,0.0000139064
73700,209.25,2.56028,0.0000426246,289.987,0.0000139007
73750,209.15,2.53946,0.0000422982,289.917,0.0000138949
73800,209.05,2.5188,0.0000419741,289.848,0.0000138892
73850,208.95,2.4983,0.0000416524,289.779,0.0000138834
73900,208.85,2.47795,0.0000413329,289.709,0.0000138777
73950,208.75,2.45776,0.0000410158,289.64,0.000013872
74000,208.65,2.43773,0.000040701,289.57,0.0000138662
74050,208.55,2.41785,0.0000403884,289.501,0.0000138605
74100,208.45,2.39812,0.0000400781,289.432,0.0000138547
74150,208.35,2.37854,0.00003977,289.362,0.000013849
74200,208.25,2.35912,0.0000394642,289.293,0.0000138432
74250,208.15,2.33984,0.0000391605,289.223,0.0000138374
74300,208.05,2.32071,0.000038859,289.154,0.0000138317
74350,207.95,2.30173,0.0000385598,289.084,0.0000138259
74400,207.85,2.2829,0.0000382626,289.015,0.0000138202
74450,207.75,2.26421,0.0000379677,288.945,0.0000138144
74500,207.65,2.24567,0.0000376748,288.876,0.0000138087
74550,207.55,2.22726,0.0000373841,288.806,0.0000138029
74600,207.45,2.209,0.0000370955,288.737,0.0000137971
74650,207.35,2.19089,0.000036809,288.667,0.0000137914
74700,207.25,2.17291,0.0000365245,288.597,0.0000137856
74750,207.15,2.15507,0.0000362422,288.528,0.0000137798
74800,207.05,2.13737,0.0000359618,288.458,0.0000137741
74850,206.95,2.1198,0.0000356835,288.388,0.0000137683
74900,206.85,2.10237,0.0000354072,288.319,0.0000137625
74950,206.75,2.08508,0.000035133,288.249,0.0000137568
75000,206.65,2.06792,0.0000348607,288.179,0.000013751
75050,206.55,2.05089,0.0000345904,288.11,0.0000137452
75100,206.45,2.034,0.0000343221,288.04,0.0000137394
75150,206.35,2.01723,0.0000340557,287.97,0.0000137337
75200,206.25,2.0006,0.0000337912,287.9,0.0000137279
75250,206.15,1.98409,0.0000335287,287.83,0.0000137221
75300,206.05,1.96772,0.0000332681,287.761,0.0000137163
75350,205.95,1.95147,0.0000330094,287.691,0.0000137106
75400,205.85,1.93535,0.0000327526,287.621,0.0000137048
75450,205.75,1.91935,0.0000324977,287.551,0.000013699
75500,205.65,1.90348,0.0000322446,287.481,0.0000136932
75550,205.55,1.88773,0.0000319934,287.411,0.0000136874
75600,205.45,1.8721,0.000031744,287.341,0.0000136817
75650,205.35,1.8566,0.0000314964,287.271,0.0000136759
75700,205.25,1.84121,0.0000312507,287.201,0.0000136701
75750,205.15,1.82595,0.0000310067,287.131,0.0000136643
75800,205.05,1.81081,0.0000307645,287.061,0.0000136585
75850,204.95,1.79578,0.0000305241,286.991,0.0000136527
75900,204.85,1.78087,0.0000302855,286.921,0.0000136469
75950,204.75,1.76608,0.0000300486,286.851,0.0000136411
76000,204.65,1.7514,0.0000298135,286.781,0.0000136353
76050,204.55,1.73684,0.0000295801,286.711,0.0000136295
76100,204.45,1.7224,0.0000293484,286.641,0.0000136237
76150,204.35,1.70806,0.0000291184,286.571,0.0000136179
76200,204.25,1.69384,0.0000288901,286.501,0.0000136122
76250,204.15,1.67973,0.0000286634,286.431,0.0000136064
76300,204.05,1.66573,0.0000284385,286.361,0.0000136006
76350,203.95,1.65184,0.0000282152,286.29,0.0000135948
76400,203.85,1.63806,0.0000279935,286.22,0.0000135889
76450,203.75,1.62439,0.0000277735,286.15,0.0000135831
76500,203.65,1.61082,0.0000275551,286.08,0.0000135773
76550,203.55,1.59737,0.0000273383,286.01,0.0000135715
76600,203.45,1.58401,0.0000271231,285.939,0.0000135657
76650,203.35,1.57077,0.0000269095,285.869,0.0000135599
76700,203.25,1.55762,0.0000266975,285.799,0.0000135541
76750,203.15,1.54459,0.000026487,285.728,0.0000135483
76800,203.05,1.53165,0.0000262781,285.658,0.0000135425
76850,202.95,1.51882,0.0000260708,285.588,0.0000135367
76900,202.85,1.50608,0.000025865,285.517,0.0000135309
76950,202.75,1.49345,0.0000256607,285.447,0.000013525
77000,202.65,1.48092,0.0000254579,285.377,0.0000135192
77050,202.55,1.46848,0.0000252566,285.306,0.0000135134
77100,202.45,1.45615,0.0000250568,285.236,0.0000135076
77150,202.35,1.44391,0.0000248585,285.165,0.0000135018
77200,202.25,1.43177,0.0000246617,285.095,0.000013496
77250,202.15,1.41973,0.0000244663,285.024,0.0000134901
77300,202.05,1.40778,0.0000242724,284.954,0.0000134843
77350,201.95,1.39592,0.00002408,284.883,0.0000134785
77400,201.85,1.38416,0.0000238889,284.813,0.0000134727
77450,201.75,1.3725,0.0000236993,284.742,0.0000134668
77500,201.65,1.36092,0.0000235111,284.672,0.000013461
77550,201.55,1.34944,0.0000233243,284.601,0.0000134552
77600,201.45,1.33805,0.0000231389,284.53,0.0000134493
77650,201.35,1.32675,0.0000229549,284.46,0.0000134435
77700,201.25,1.31554,0.0000227722,284.389,0.0000134377
77750,201.15,1.30442,0.0000225909,284.318,0.0000134318
77800,201.05,1.29338,0.000022411,284.248,0.000013426
77850,200.95,1.28244,0.0000222324,284.177,0.0000134202
77900,200.85,1.27158,0.0000220551,284.106,0.0000134143
77950,200.75,1.26081,0.0000218792,284.036,0.0000134085
78000,200.65,1.25012,0.0000217046,283.965,0.0000134027
78050,200.55,1.23952,0.0000215313,283.894,0.0000133968
78100,200.45,1.22901,0.0000213593,283.823,0.000013391
78150,200.35,1.21858,0.0000211886,283.753,0.0000133851
78200,200.25,1.20823,0.0000210191,283.682,0.0000133793
78250,200.15,1.19796,0.000020851,283.611,0.0000133735
78300,200.05,1.18778,0.0000206841,283.54,0.0000133676
78350,199.95,1.17768,0.0000205184,283.469,0.0000133618
78400,199.85,1.16766,0.000020354,283.398,0.0000133559
78450,199.75,1.15772,0.0000201908,283.327,0.0000133501
78500,199.65,1.14786,0.0000200289,283.256,0.0000133442
78550,199.55,1.13808,0.0000198682,283.185,0.0000133384
78600,199.45,1.12837,0.0000197087,283.114,0.0000133325
78650,199.35,1.11875,0.0000195504,283.043,0.0000133267
78700,199.25,1.1092,0.0000193932,282.972,0.0000133208
78750,199.15,1.09973,0.0000192373,282.901,0.0000133149
78800,199.05,1.09034,0.0000190826,282.83,0.0000133091
78850,198.95,1.08102,0.000018929,282.759,0.0000133032
78900,198.85,1.07177,0.0000187765,282.688,0.0000132974
78950,198.75,1.0626,0.0000186253,282.617,0.0000132915
79000,198.65,1.05351,0.0000184751,282.546,0.0000132856
79050,198.55,1.04449,0.0000183261,282.475,0.0000132798
79100,198.45,1.03554,0.0000181783,282.404,0.0000132739
79150,198.35,1.02666,0.0000180315,282.333,0.0000132681
79200,198.25,1.01785,0.0000178859,282.262,0.0000132622
79250,198.15,1.00912,0.0000177413,282.19,0.0000132563
79300,198.05,1.00045,0.0000175979,282.119,0.0000132504
79350,197.95,0.991861,0.0000174555,282.048,0.0000132446
79400,197.85,0.983336,0.0000173143,281.977,0.0000132387
79450,197.75,0.974881,0.0000171741,281.905,0.0000132328
79500,197.65,0.966494,0.0000170349,281.834,0.000013227
79550,197.55,0.958175,0.0000168969,281.763,0.0000132211
79600,197.45,0.949924,0.0000167598,281.691,0.0000132152
79650,197.35,0.941739,0.0000166239,281.62,0.0000132093
79700,197.25,0.933621,0.0000164889,281.549,0.0000132035
79750,197.15,0.925569,0.000016355,281.477,0.0000131976
79800,197.05,0.917582,0.0000162221,281.406,0.0000131917
79850,196.95,0.90966,0.0000160902,281.335,0.0000131858
79900,196.85,0.901803,0.0000159593,281.263,0.0000131799
79950,196.75,0.89401,0.0000158294,281.192,0.000013174
80000,196.65,0.88628,0.0000157005,281.12,0.0000131682
80050,196.55,0.878612,0.0000155726,281.049,0.0000131623
80100,196.45,0.871008,0.0000154457,280.977,0.0000131564
80150,196.35,0.863465,0.0000153198,280.906,0.0000131505
80200,196.25,0.855984,0.0000151948,280.834,0.0000131446
80250,196.15,0.848564,0.0000150707,280.763,0.0000131387
80300,196.05,0.841205,0.0000149476,280.691,0.0000131328
80350,195.95,0.833905,0.0000148255,280.619,0.0000131269
80400,195.85,0.826666,0.0000147043,280.548,0.000013121
80450,195.75,0.819485,0.000014584,280.476,0.0000131151
80500,195.65,0.812363,0.0000144647,280.405,0.0000131092
80550,195.55,0.8053,0.0000143462,280.333,0.0000131033
80600,195.45,0.798294,0.0000142287,280.261,0.0000130974
80650,195.35,0.791346,0.0000141121,280.189,0.0000130915
80700,195.25,0.784455,0.0000139964,280.118,0.0000130856
80750,195.15,0.77762,0.0000138815,280.046,0.0000130797
80800,195.05,0.770842,0.0000137676,279.974,0.0000130738
80850,194.95,0.764119,0.0000136545,279.902,0.0000130679
80900,194.85,0.757451,0.0000135423,279.831,0.000013062
80950,194.75,0.750838,0.000013431,279.759,0.0000130561
81000,194.65,0.74428,0.0000133205,279.687,0.0000130502
81050,194.55,0.737775,0.0000132109,279.615,0.0000130443
81100,194.45,0.731324,0.0000131021,279.543,0.0000130384
81150,194.35,0.724926,0.0000129941,279.471,0.0000130325
81200,194.25,0.718581,0.000012887,279.399,0.0000130266
81250,194.15,0.712288,0.0000127808,279.328,0.0000130207
81300,194.05,0.706047,0.0000126753,279.256,0.0000130147
81350,193.95,0.699858,0.0000125707,279.184,0.0000130088
81400,193.85,0.69372,0.0000124668,279.112,0.0000130029
81450,193.75,0.687632,0.0000123638,279.04,0.000012997
81500,193.65,0.681595,0.0000122616,278.968,0.0000129911
81550,193.55,0.675607,0.0000121602,278.896,0.0000129851
81600,193.45,0.66967,0.0000120595,278.824,0.0000129792
81650,193.35,0.663781,0.0000119597,278.751,0.0000129733
81700,193.25,0.657941,0.0000118606,278.679,0.0000129674
81750,193.15,0.65215,0.0000117623,278.607,0.0000129614
81800,193.05,0.646406,0.0000116647,278.535,0.0000129555
81850,192.95,0.64071,0.0000115679,278.463,0.0000129496
81900,192.85,0.635062,0.0000114719,278.391,0.0000129437
81950,192.75,0.62946,0.0000113766,278.319,0.0000129377
82000,192.65,0.623905,0.000011282,278.246,0.0000129318
82050,192.55,0.618396,0.0000111882,278.174,0.0000129259
82100,192.45,0.612933,0.0000110952,278.102,0.0000129199
82150,192.35,0.607515,0.0000110028,278.03,0.000012914
82200,192.25,0.602143,0.0000109112,277.957,0.0000129081
82250,192.15,0.596815,0.0000108203,277.885,0.0000129021
82300,192.05,0.591532,0.0000107301,277.813,0.0000128962
82350,191.95,0.586292,0.0000106406,277.74,0.0000128902
82400,191.85,0.581097,0.0000105518,277.668,0.0000128843
82450,191.75,0.575945,0.0000104637,277.596,0.0000128784
82500,191.65,0.570835,0.0000103762,277.523,0.0000128724
82550,191.55,0.565769,0.0000102895,277.451,0.0000128665
82600,191.45,0.560745,0.0000102035,277.378,0.0000128605
82650,191.35,0.555763,0.0000101181,277.306,0.0000128546
82700,191.25,0.550822,0.0000100334,277.234,0.0000128486
82750,191.15,0.545923,0.00000994936,277.161,0.0000128427
82800,191.05,0.541065,0.00000986599,277.089,0.0000128367
82850,190.95,0.536248,0.00000978327,277.016,0.0000128308
82900,190.85,0.531471,0.0000097012,276.943,0.0000128248
82950,190.75,0.526734,0.00000961977,276.871,0.0000128189
83000,190.65,0.522037,0.00000953899,276.798,0.0000128129
83050,190.55,0.517379,0.00000945885,276.726,0.0000128069
83100,190.45,0.512761,0.00000937933,276.653,0.000012801
83150,190.35,0.508181,0.00000930045,276.58,0.000012795
83200,190.25,0.50364,0.00000922218,276.508,0.0000127891
83250,190.15,0.499137,0.00000914454,276.435,0.0000127831
83300,190.05,0.494672,0.00000906751,276.362,0.0000127771
83350,189.95,0.490245,0.00000899108,276.29,0.0000127712
83400,189.85,0.485855,0.00000891526,276.217,0.0000127652
83450,189.75,0.481502,0.00000884004,276.144,0.0000127592
83500,189.65,0.477186,0.00000876542,276.071,0.0000127533
83550,189.55,0.472906,0.00000869139,275.999,0.0000127473
83600,189.45,0.468662,0.00000861794,275.926,0.0000127413
83650,189.35,0.464455,0.00000854508,275.853,0.0000127354
83700,189.25,0.460282,0.00000847279,275.78,0.0000127294
83750,189.15,0.456146,0.00000840108,275.707,0.0000127234
83800,189.05,0.452044,0.00000832994,275.634,0.0000127174
83850,188.95,0.447977,0.00000825936,275.561,0.0000127115
83900,188.85,0.443944,0.00000818935,275.489,0.0000127055
83950,188.75,0.439945,0.00000811989,275.416,0.0000126995
84000,188.65,0.435981,0.00000805098,275.343,0.0000126935
84050,188.55,0.43205,0.00000798262,275.27,0.0000126876
84100,188.45,0.428153,0.00000791481,275.197,0.0000126816
84150,188.35,0.424288,0.00000784754,275.124,0.0000126756
84200,188.25,0.420457,0.0000077808,275.051,0.0000126696
84250,188.15,0.416658,0.0000077146,274.978,0.0000126636
84300,188.05,0.412891,0.00000764892,274.904,0.0000126576
84350,187.95,0.409157,0.00000758377,274.831,0.0000126516
84400,187.85,0.405454,0.00000751914,274.758,0.0000126457
84450,187.75,0.401783,0.00000745503,274.685,0.0000126397
84500,187.65,0.398143,0.00000739143,274.612,0.0000126337
84550,187.55,0.394534,0.00000732834,274.539,0.0000126277
84600,187.45,0.390956,0.00000726576,274.466,0.0000126217
84650,187.35,0.387409,0.00000720367,274.392,0.0000126157
84700,187.25,0.383892,0.00000714209,274.319,0.0000126097
84750,187.15,0.380405,0.00000708099,274.246,0.0000126037
84800,187.05,0.376948,0.00000702039,274.173,0.0000125977
84850,186.95,0.37352,0.00000696028,274.099,0.0000125917
84900,186.946,0.370123,0.00000689712,274.096,0.0000125915
84950,186.946,0.366756,0.00000683438,274.096,0.0000125915
85000,186.946,0.36342,0.00000677222,274.096,0.0000125915
85050,186.946,0.360115,0.00000671062,274.096,0.0000125915
85100,186.946,0.356839,0.00000664959,274.096,0.0000125915
85150,186.946,0.353594,0.00000658911,274.096,0.0000125915
85200,186.946,0.350378,0.00000652917,274.096,0.0000125915
85250,186.946,0.347191,0.00000646979,274.096,0.0000125915
85300,186.946,0.344033,0.00000641094,274.096,0.0000125915
85350,186.946,0.340904,0.00000635263,274.096,0.0000125915
85400,186.946,0.337803,0.00000629485,274.096,0.0000125915
85450,186.946,0.33473,0.00000623759,274.096,0.0000125915
85500,186.946,0.331686,0.00000618086,274.096,0.0000125915
85550,186.946,0.328669,0.00000612464,274.096,0.0000125915
85600,186.946,0.32568,0.00000606893,274.096,0.0000125915
85650,186.946,0.322717,0.00000601373,274.096,0.0000125915
85700,186.946,0.319782,0.00000595904,274.096,0.0000125915
85750,186.946,0.316873,0.00000590484,274.096,0.0000125915
85800,186.946,0.313991,0.00000585113,274.096,0.0000125915
85850,186.946,0.311135,0.00000579791,274.096,0.0000125915
85900,186.946,0.308305,0.00000574517,274.096,0.0000125915
85950,186.946,0.305501,0.00000569292,274.096,0.0000125915
86000,186.946,0.302723,0.00000564114,274.096,0.0000125915
